Date,Close,High,Low,Open,Volume
1/2/2020,3257.850098,3258.139893,3235.530029,3244.669922,3459930000
1/3/2020,3234.850098,3246.149902,3222.340088,3226.360107,3484700000
1/6/2020,3246.280029,3246.840088,3214.639893,3217.550049,3702460000
1/7/2020,3237.179932,3244.909912,3232.429932,3241.860107,3435910000
1/8/2020,3253.050049,3267.070068,3236.669922,3238.590088,3726840000
1/9/2020,3274.699951,3275.580078,3263.669922,3266.030029,3641230000
1/10/2020,3265.350098,3282.98999,3260.860107,3281.810059,3214580000
1/13/2020,3288.129883,3288.129883,3268.429932,3271.129883,3459390000
1/14/2020,3283.149902,3294.25,3277.189941,3285.350098,3687620000
1/15/2020,3289.290039,3298.659912,3280.689941,3282.27002,3721490000
1/16/2020,3316.810059,3317.110107,3302.820068,3302.969971,3540580000
1/17/2020,3329.620117,3329.879883,3318.860107,3323.659912,3726220000
1/21/2020,3320.790039,3329.790039,3316.610107,3321.030029,4104840000
1/22/2020,3321.75,3337.77002,3320.040039,3330.02002,3623780000
1/23/2020,3325.540039,3326.879883,3301.870117,3315.77002,3766710000
1/24/2020,3295.469971,3333.179932,3281.530029,3333.100098,3708780000
1/27/2020,3243.629883,3258.850098,3234.5,3247.159912,3831050000
1/28/2020,3276.23999,3285.780029,3253.219971,3255.350098,3531570000
1/29/2020,3273.399902,3293.469971,3271.889893,3289.459961,3600250000
1/30/2020,3283.659912,3285.909912,3242.800049,3256.449951,3790350000
1/31/2020,3225.52002,3282.330078,3214.679932,3282.330078,4529700000
2/3/2020,3248.919922,3268.439941,3235.659912,3235.659912,3760460000
2/4/2020,3297.590088,3306.919922,3280.610107,3280.610107,3996900000
2/5/2020,3334.689941,3337.580078,3313.75,3324.909912,4121480000
2/6/2020,3345.780029,3347.959961,3334.389893,3344.919922,3887250000
2/7/2020,3327.709961,3341.419922,3322.120117,3335.540039,3733920000
2/10/2020,3352.090088,3352.26001,3317.77002,3318.280029,3462730000
2/11/2020,3357.75,3375.629883,3352.719971,3365.870117,3762940000
2/12/2020,3379.449951,3381.469971,3369.719971,3370.5,3930910000
2/13/2020,3373.939941,3385.090088,3360.52002,3365.899902,3500890000
2/14/2020,3380.159912,3380.689941,3366.149902,3378.080078,3419700000
2/18/2020,3370.290039,3375.01001,3355.610107,3369.040039,3750400000
2/19/2020,3386.149902,3393.52002,3378.830078,3380.389893,3614200000
2/20/2020,3373.22998,3389.149902,3341.02002,3380.449951,4019180000
2/21/2020,3337.75,3360.76001,3328.449951,3360.5,3908780000
2/24/2020,3225.889893,3259.810059,3214.649902,3257.610107,4851160000
2/25/2020,3128.209961,3246.98999,3118.77002,3238.939941,5596760000
2/26/2020,3116.389893,3182.51001,3108.98999,3139.899902,5484650000
2/27/2020,2978.76001,3097.070068,2977.389893,3062.540039,7064710000
2/28/2020,2954.219971,2959.719971,2855.840088,2916.899902,8569570000
3/2/2020,3090.22998,3090.959961,2945.189941,2974.280029,6381330000
3/3/2020,3003.370117,3136.719971,2976.629883,3096.459961,6376510000
3/4/2020,3130.120117,3130.969971,3034.379883,3045.75,5073020000
3/5/2020,3023.939941,3083.040039,2999.830078,3075.699951,5579290000
3/6/2020,2972.370117,2985.929932,2901.540039,2954.199951,6555240000
3/9/2020,2746.560059,2863.889893,2734.429932,2863.889893,8441290000
3/10/2020,2882.22998,2882.590088,2734,2813.47998,7642040000
3/11/2020,2741.379883,2825.600098,2707.219971,2825.600098,7431200000
3/12/2020,2480.639893,2660.949951,2478.860107,2630.860107,8850810000
3/13/2020,2711.02002,2711.330078,2492.370117,2569.98999,8299070000
3/16/2020,2386.129883,2562.97998,2380.939941,2508.590088,7805450000
3/17/2020,2529.189941,2553.929932,2367.040039,2425.659912,8370250000
3/18/2020,2398.100098,2453.570068,2280.52002,2436.5,8799300000
3/19/2020,2409.389893,2466.969971,2319.780029,2393.47998,7956100000
3/20/2020,2304.919922,2453.01001,2295.560059,2431.939941,9053950000
3/23/2020,2237.399902,2300.72998,2191.860107,2290.709961,7411380000
3/24/2020,2447.330078,2449.709961,2344.439941,2344.439941,7563150000
3/25/2020,2475.560059,2571.419922,2407.530029,2457.77002,8300010000
3/26/2020,2630.070068,2637.01001,2500.719971,2501.290039,7766990000
3/27/2020,2541.469971,2615.909912,2520.02002,2555.870117,6201670000
3/30/2020,2626.649902,2631.800049,2545.280029,2558.97998,5751120000
3/31/2020,2584.590088,2641.389893,2571.149902,2614.689941,6576210000
4/1/2020,2470.5,2522.75,2447.48999,2498.080078,5964000000
4/2/2020,2526.899902,2533.219971,2455.790039,2458.540039,6464190000
4/3/2020,2488.649902,2538.179932,2459.959961,2514.919922,6096970000
4/6/2020,2663.679932,2676.850098,2574.570068,2578.280029,6403840000
4/7/2020,2659.409912,2756.889893,2657.669922,2738.649902,7050410000
4/8/2020,2749.97998,2760.75,2663.300049,2685,5875710000
4/9/2020,2789.820068,2818.570068,2762.360107,2776.98999,7899550000
4/13/2020,2761.629883,2782.459961,2721.169922,2782.459961,5319530000
4/14/2020,2846.060059,2851.850098,2805.100098,2805.100098,5615730000
4/15/2020,2783.360107,2801.879883,2761.540039,2795.639893,5208000000
4/16/2020,2799.550049,2806.51001,2764.320068,2799.340088,5228810000
4/17/2020,2874.560059,2879.219971,2830.879883,2842.429932,5804810000
4/20/2020,2823.159912,2868.97998,2820.429932,2845.620117,5228630000
4/21/2020,2736.560059,2785.540039,2727.100098,2784.810059,5121010000
4/22/2020,2799.310059,2815.100098,2775.949951,2787.889893,5084920000
4/23/2020,2797.800049,2844.899902,2794.26001,2810.419922,5773530000
4/24/2020,2836.73999,2842.709961,2791.76001,2812.639893,5382810000
4/27/2020,2878.47998,2887.719971,2852.889893,2854.649902,5203930000
4/28/2020,2863.389893,2921.149902,2860.709961,2909.959961,5691160000
4/29/2020,2939.51001,2954.860107,2912.159912,2918.459961,6645640000
4/30/2020,2912.429932,2930.909912,2892.469971,2930.909912,6544980000
5/1/2020,2830.709961,2869.090088,2821.610107,2869.090088,4759810000
5/4/2020,2842.73999,2844.23999,2797.850098,2815.01001,4735930000
5/5/2020,2868.439941,2898.22998,2863.550049,2868.879883,5140290000
5/6/2020,2848.419922,2891.110107,2847.649902,2883.139893,4892570000
5/7/2020,2881.189941,2901.919922,2876.47998,2878.26001,5178790000
5/8/2020,2929.800049,2932.159912,2902.879883,2908.830078,4876030000
5/11/2020,2930.189941,2944.25,2903.439941,2915.459961,4819730000
5/12/2020,2870.120117,2945.820068,2869.590088,2939.5,5119630000
5/13/2020,2820,2874.139893,2793.149902,2865.860107,6151650000
5/14/2020,2852.5,2852.800049,2766.639893,2794.540039,5651130000
5/15/2020,2863.699951,2865.01001,2816.780029,2829.949951,5507700000
5/18/2020,2953.909912,2968.090088,2913.860107,2913.860107,6373670000
5/19/2020,2922.939941,2964.209961,2922.350098,2948.590088,4984330000
5/20/2020,2971.610107,2980.290039,2953.629883,2953.629883,5005380000
5/21/2020,2948.51001,2978.5,2938.570068,2969.949951,4976620000
5/22/2020,2955.449951,2956.76001,2933.590088,2948.050049,3970860000
5/26/2020,2991.77002,3021.719971,2988.169922,3004.080078,5848500000
5/27/2020,3036.129883,3036.25,2969.75,3015.649902,6398000000
5/28/2020,3029.72998,3068.669922,3023.399902,3046.610107,5447020000
5/29/2020,3044.310059,3049.169922,2998.610107,3025.169922,7297550000
6/1/2020,3055.72998,3062.179932,3031.540039,3038.780029,4684170000
6/2/2020,3080.820068,3081.070068,3051.639893,3064.780029,5197150000
6/3/2020,3122.870117,3130.939941,3098.899902,3098.899902,6005560000
6/4/2020,3112.350098,3128.909912,3090.409912,3111.560059,6451290000
6/5/2020,3193.929932,3211.719971,3163.840088,3163.840088,8639300000
6/8/2020,3232.389893,3233.129883,3196,3199.919922,8498300000
6/9/2020,3207.179932,3222.709961,3193.110107,3213.320068,6410930000
6/10/2020,3190.139893,3223.27002,3181.48999,3213.419922,6598870000
6/11/2020,3002.100098,3123.530029,2999.48999,3123.530029,7037320000
6/12/2020,3041.310059,3088.419922,2984.469971,3071.040039,5845330000
6/15/2020,3066.590088,3079.76001,2965.659912,2993.76001,5757480000
6/16/2020,3124.73999,3153.449951,3076.060059,3131,5845810000
6/17/2020,3113.48999,3141.159912,3108.030029,3136.129883,4560450000
6/18/2020,3115.340088,3120,3093.51001,3101.639893,4448690000
6/19/2020,3097.73999,3155.530029,3083.110107,3140.290039,8346650000
6/22/2020,3117.860107,3120.919922,3079.389893,3094.419922,4686690000
6/23/2020,3131.290039,3154.899902,3127.120117,3138.699951,4711850000
6/24/2020,3050.330078,3115.01001,3032.129883,3114.399902,5597680000
6/25/2020,3083.76001,3086.25,3024.01001,3046.600098,4847690000
6/26/2020,3009.050049,3073.72998,3004.629883,3073.199951,8107850000
6/29/2020,3053.23999,3053.889893,2999.73999,3018.590088,4473970000
6/30/2020,3100.290039,3111.51001,3047.830078,3050.199951,4705850000
7/1/2020,3115.860107,3128.439941,3101.169922,3105.919922,4449230000
7/2/2020,3130.01001,3165.810059,3124.52002,3143.639893,4197720000
7/6/2020,3179.719971,3182.590088,3155.290039,3155.290039,4759160000
7/7/2020,3145.320068,3184.149902,3142.929932,3166.439941,4571330000
7/8/2020,3169.939941,3171.800049,3136.530029,3153.070068,4937310000
7/9/2020,3152.050049,3179.780029,3115.699951,3176.169922,4843650000
7/10/2020,3185.040039,3186.820068,3136.219971,3152.469971,4524190000
7/13/2020,3155.219971,3235.320068,3149.429932,3205.080078,4902440000
7/14/2020,3197.52002,3200.949951,3127.659912,3141.110107,4507140000
7/15/2020,3226.560059,3238.280029,3200.76001,3225.97998,4686830000
7/16/2020,3215.570068,3220.389893,3198.590088,3208.360107,3972860000
7/17/2020,3224.72998,3233.52002,3205.649902,3224.209961,4012850000
7/20/2020,3251.840088,3258.610107,3215.159912,3224.290039,3979340000
7/21/2020,3257.300049,3277.290039,3247.77002,3268.52002,4556610000
7/22/2020,3276.02002,3279.320068,3253.100098,3254.860107,4267160000
7/23/2020,3235.659912,3279.98999,3222.659912,3271.639893,4296760000
7/24/2020,3215.629883,3227.26001,3200.050049,3218.580078,3689410000
7/27/2020,3239.409912,3241.429932,3214.25,3219.840088,3970310000
7/28/2020,3218.439941,3243.719971,3216.169922,3234.27002,4053180000
7/29/2020,3258.439941,3264.73999,3227.219971,3227.219971,4478200000
7/30/2020,3246.219971,3250.919922,3204.129883,3231.76001,4264920000
7/31/2020,3271.120117,3272.169922,3220.26001,3270.449951,5007530000
8/3/2020,3294.610107,3302.72998,3284.530029,3288.26001,4438940000
8/4/2020,3306.51001,3306.840088,3286.370117,3289.919922,4414380000
8/5/2020,3327.77002,3330.77002,3317.370117,3317.370117,4535060000
8/6/2020,3349.159912,3351.030029,3318.139893,3323.169922,4278930000
8/7/2020,3351.280029,3352.540039,3328.719971,3340.050049,4110030000
8/10/2020,3360.469971,3363.290039,3335.439941,3356.040039,4327920000
8/11/2020,3333.689941,3381.01001,3326.439941,3370.340088,4880540000
8/12/2020,3380.350098,3387.889893,3355.459961,3355.459961,3772250000
8/13/2020,3373.429932,3387.23999,3363.350098,3372.949951,3438730000
8/14/2020,3372.850098,3378.51001,3361.639893,3368.659912,3200060000
8/17/2020,3381.98999,3387.590088,3379.219971,3380.860107,3460330000
8/18/2020,3389.780029,3395.060059,3370.149902,3387.040039,3669550000
8/19/2020,3374.850098,3399.540039,3369.659912,3392.51001,3679480000
8/20/2020,3385.51001,3390.800049,3354.689941,3360.47998,3431040000
8/21/2020,3397.159912,3399.959961,3379.310059,3386.01001,3505010000
8/24/2020,3431.280029,3432.090088,3413.129883,3418.090088,3743410000
8/25/2020,3443.620117,3444.209961,3425.840088,3435.949951,3627650000
8/26/2020,3478.72998,3481.070068,3444.149902,3449.969971,3780530000
8/27/2020,3484.550049,3501.379883,3468.350098,3485.139893,3955890000
8/28/2020,3508.01001,3509.22998,3484.320068,3494.689941,3868510000
8/31/2020,3500.310059,3514.77002,3493.25,3509.72998,4348280000
9/1/2020,3526.649902,3528.030029,3494.600098,3507.439941,4101490000
9/2/2020,3580.840088,3588.110107,3535.22998,3543.76001,4295640000
9/3/2020,3455.060059,3564.850098,3427.409912,3564.73999,4911830000
9/4/2020,3426.959961,3479.149902,3349.629883,3453.600098,4438720000
9/8/2020,3331.840088,3379.969971,3329.27002,3371.879883,4694330000
9/9/2020,3398.959961,3424.77002,3366.840088,3369.820068,3932520000
9/10/2020,3339.189941,3425.550049,3329.25,3412.560059,4208630000
9/11/2020,3340.969971,3368.949951,3310.469971,3352.699951,3710090000
9/14/2020,3383.540039,3402.929932,3363.560059,3363.560059,3839580000
9/15/2020,3401.199951,3419.47998,3389.25,3407.72998,4057190000
9/16/2020,3385.48999,3428.919922,3384.449951,3411.22998,4718900000
9/17/2020,3357.01001,3375.169922,3328.820068,3346.860107,4379840000
9/18/2020,3319.469971,3362.27002,3292.399902,3357.379883,7076400000
9/21/2020,3281.060059,3285.570068,3229.100098,3285.570068,4836070000
9/22/2020,3315.570068,3320.310059,3270.949951,3295.75,3974510000
9/23/2020,3236.919922,3323.350098,3232.570068,3320.110107,4378650000
9/24/2020,3246.590088,3278.699951,3209.449951,3226.139893,4601920000
9/25/2020,3298.459961,3306.879883,3228.439941,3236.659912,3803330000
9/28/2020,3351.600098,3360.73999,3332.909912,3333.899902,3950910000
9/29/2020,3335.469971,3357.919922,3327.540039,3350.919922,3661590000
9/30/2020,3363,3393.560059,3340.469971,3341.209961,4738640000
10/1/2020,3380.800049,3397.179932,3361.389893,3385.870117,4076340000
10/2/2020,3348.419922,3369.100098,3323.689941,3338.939941,3975180000
10/5/2020,3408.600098,3409.570068,3367.27002,3367.27002,3692720000
10/6/2020,3360.969971,3431.560059,3354.540039,3408.73999,4453390000
10/7/2020,3419.439941,3426.26001,3384.560059,3384.560059,3814750000
10/8/2020,3446.830078,3447.280029,3428.149902,3434.280029,3867640000
10/9/2020,3477.139893,3482.340088,3458.070068,3459.669922,3944090000
10/12/2020,3534.219971,3549.850098,3499.610107,3500.02002,3435760000
10/13/2020,3511.929932,3534.01001,3500.860107,3534.01001,3611100000
10/14/2020,3488.669922,3527.939941,3480.550049,3515.469971,3858510000
10/15/2020,3483.340088,3489.080078,3440.889893,3453.719971,3724550000
10/16/2020,3483.810059,3515.76001,3480.449951,3493.5,4688030000
10/19/2020,3426.919922,3502.419922,3419.929932,3493.659912,4091080000
10/20/2020,3443.120117,3476.929932,3435.649902,3439.379883,3917850000
10/21/2020,3435.560059,3464.860107,3433.060059,3439.909912,4103960000
10/22/2020,3453.48999,3460.530029,3415.340088,3438.5,4172060000
10/23/2020,3465.389893,3466.459961,3440.449951,3464.899902,3651600000
10/26/2020,3400.969971,3441.419922,3364.860107,3441.419922,4002210000
10/27/2020,3390.679932,3409.51001,3388.709961,3403.149902,3962400000
10/28/2020,3271.030029,3342.47998,3268.889893,3342.47998,5139970000
10/29/2020,3310.110107,3341.050049,3259.820068,3277.169922,4911860000
10/30/2020,3269.959961,3304.929932,3233.939941,3293.590088,4843930000
11/2/2020,3310.23999,3330.139893,3279.73999,3296.199951,4314690000
11/3/2020,3369.159912,3389.48999,3336.25,3336.25,4241380000
11/4/2020,3443.439941,3486.25,3405.169922,3406.459961,4790400000
11/5/2020,3510.449951,3529.050049,3485.73999,3485.73999,4858150000
11/6/2020,3509.439941,3521.580078,3484.340088,3508.340088,4842460000
11/9/2020,3550.5,3645.98999,3547.47998,3583.040039,8570510000
11/10/2020,3545.530029,3557.219971,3511.909912,3543.26001,6037470000
11/11/2020,3572.659912,3581.159912,3557,3563.219971,4635560000
11/12/2020,3537.01001,3569.02002,3518.580078,3562.669922,4909660000
11/13/2020,3585.149902,3593.659912,3552.570068,3552.570068,4719580000
11/16/2020,3626.909912,3628.51001,3600.159912,3600.159912,5295510000
11/17/2020,3609.530029,3623.110107,3588.679932,3610.310059,4812180000
11/18/2020,3567.790039,3619.090088,3567.330078,3612.090088,5284810000
11/19/2020,3581.870117,3585.219971,3543.840088,3559.409912,4363370000
11/20/2020,3557.540039,3581.22998,3556.850098,3579.310059,4236370000
11/23/2020,3577.590088,3589.810059,3552.77002,3566.820068,5057550000
11/24/2020,3635.409912,3642.310059,3594.52002,3594.52002,6280290000
11/25/2020,3629.649902,3635.5,3617.76001,3635.5,4910440000
11/27/2020,3638.350098,3644.310059,3629.330078,3638.550049,2778390000
11/30/2020,3621.629883,3634.179932,3594.389893,3634.179932,6308410000
12/1/2020,3662.449951,3678.449951,3645.870117,3645.870117,5418480000
12/2/2020,3669.01001,3670.959961,3644.840088,3653.780029,5041250000
12/3/2020,3666.719971,3682.72998,3657.169922,3668.280029,5065340000
12/4/2020,3699.120117,3699.199951,3670.939941,3670.939941,5099620000
12/7/2020,3691.959961,3697.409912,3678.879883,3694.72998,4804500000
12/8/2020,3702.25,3708.449951,3678.830078,3683.050049,4584390000
12/9/2020,3672.820068,3712.389893,3660.540039,3705.97998,5232800000
12/10/2020,3668.100098,3678.48999,3645.179932,3659.129883,4658480000
12/11/2020,3663.459961,3665.909912,3633.399902,3656.080078,4375470000
12/14/2020,3647.48999,3697.610107,3645.840088,3675.27002,4623850000
12/15/2020,3694.620117,3695.290039,3659.620117,3666.409912,4387080000
12/16/2020,3701.169922,3711.27002,3688.570068,3696.25,4067040000
12/17/2020,3722.47998,3725.120117,3710.870117,3713.649902,4192810000
12/18/2020,3709.409912,3726.699951,3685.840088,3722.389893,7097100000
12/21/2020,3694.919922,3702.899902,3636.47998,3684.280029,4748580000
12/22/2020,3687.26001,3698.26001,3676.159912,3698.080078,4053310000
12/23/2020,3690.01001,3711.23999,3689.280029,3693.419922,3779160000
12/24/2020,3703.060059,3703.820068,3689.320068,3694.030029,1883780000
12/28/2020,3735.360107,3740.51001,3723.030029,3723.030029,3535460000
12/29/2020,3727.040039,3756.120117,3723.310059,3750.01001,3393290000
12/30/2020,3732.040039,3744.629883,3730.209961,3736.189941,3154850000
12/31/2020,3756.070068,3760.199951,3726.879883,3733.27002,3179040000
1/4/2021,3700.649902,3769.98999,3662.709961,3764.610107,5015000000
1/5/2021,3726.860107,3737.830078,3695.070068,3698.02002,4591020000
1/6/2021,3748.139893,3783.040039,3705.340088,3712.199951,6064110000
1/7/2021,3803.790039,3811.550049,3764.709961,3764.709961,5099160000
1/8/2021,3824.679932,3826.689941,3783.600098,3815.050049,4773040000
1/11/2021,3799.610107,3817.860107,3789.02002,3803.139893,4465430000
1/12/2021,3801.189941,3810.780029,3776.51001,3801.620117,4994950000
1/13/2021,3809.840088,3820.959961,3791.5,3802.22998,4602510000
1/14/2021,3795.540039,3823.600098,3792.860107,3814.97998,5198480000
1/15/2021,3768.25,3788.72998,3749.620117,3788.72998,5369820000
1/19/2021,3798.909912,3804.530029,3780.370117,3781.879883,5014440000
1/20/2021,3851.850098,3859.75,3816.219971,3816.219971,4566190000
1/21/2021,3853.070068,3861.449951,3845.050049,3857.459961,4501760000
1/22/2021,3841.469971,3852.310059,3830.409912,3844.23999,5110890000
1/25/2021,3855.360107,3859.22998,3797.159912,3851.679932,7000840000
1/26/2021,3849.620117,3870.899902,3847.780029,3862.959961,6137500000
1/27/2021,3750.77002,3836.830078,3732.47998,3836.830078,9976520000
1/28/2021,3787.379883,3830.5,3755.75,3755.75,6992770000
1/29/2021,3714.23999,3778.050049,3694.120117,3778.050049,6643370000
2/1/2021,3773.860107,3784.320068,3725.620117,3731.169922,5436230000
2/2/2021,3826.310059,3843.090088,3791.840088,3791.840088,5514090000
2/3/2021,3830.169922,3847.51001,3816.679932,3840.27002,4864870000
2/4/2021,3871.73999,3872.419922,3836.659912,3836.659912,4879240000
2/5/2021,3886.830078,3894.560059,3874.929932,3878.300049,4879470000
2/8/2021,3915.590088,3915.77002,3892.590088,3892.590088,4648360000
2/9/2021,3911.22998,3918.350098,3902.639893,3910.48999,4568320000
2/10/2021,3909.879883,3931.5,3884.939941,3920.780029,4837070000
2/11/2021,3916.379883,3925.98999,3890.389893,3916.399902,4590960000
2/12/2021,3934.830078,3937.22998,3905.780029,3911.649902,4135060000
2/16/2021,3932.590088,3950.429932,3923.850098,3939.610107,5058990000
2/17/2021,3931.330078,3933.610107,3900.429932,3918.5,4730650000
2/18/2021,3913.969971,3921.97998,3885.030029,3915.860107,4793650000
2/19/2021,3906.709961,3930.409912,3903.070068,3921.159912,4845320000
2/22/2021,3876.5,3902.919922,3874.709961,3885.550049,5917100000
2/23/2021,3881.370117,3895.97998,3805.590088,3857.070068,6296610000
2/24/2021,3925.429932,3928.649902,3859.600098,3873.709961,6012790000
2/25/2021,3829.340088,3925.02002,3814.040039,3915.800049,6547470000
2/26/2021,3811.149902,3861.080078,3789.540039,3839.659912,6526070000
3/1/2021,3901.820068,3914.5,3842.51001,3842.51001,5114820000
3/2/2021,3870.290039,3906.409912,3868.570068,3903.639893,5536010000
3/3/2021,3819.719971,3874.469971,3818.860107,3863.98999,6173660000
3/4/2021,3768.469971,3843.669922,3723.340088,3818.530029,7195400000
3/5/2021,3841.939941,3851.689941,3730.189941,3793.580078,6851070000
3/8/2021,3821.350098,3881.060059,3819.25,3844.389893,5871710000
3/9/2021,3875.439941,3903.76001,3851.929932,3851.929932,5513560000
3/10/2021,3898.810059,3917.350098,3885.72998,3891.98999,5847380000
3/11/2021,3939.340088,3960.27002,3915.540039,3915.540039,5312880000
3/12/2021,3943.340088,3944.98999,3915.209961,3924.52002,4476280000
3/15/2021,3968.939941,3970.080078,3923.540039,3942.959961,4900100000
3/16/2021,3962.709961,3981.040039,3953.439941,3973.590088,4613080000
3/17/2021,3974.120117,3983.870117,3935.73999,3949.570068,4561660000
3/18/2021,3915.459961,3969.620117,3910.860107,3953.5,5118590000
3/19/2021,3913.100098,3930.120117,3886.75,3913.139893,7757420000
3/22/2021,3940.590088,3955.310059,3914.159912,3916.47998,4316260000
3/23/2021,3910.52002,3949.129883,3901.570068,3937.600098,4669010000
3/24/2021,3889.139893,3942.080078,3889.070068,3919.929932,4783020000
3/25/2021,3909.52002,3919.540039,3853.5,3879.340088,4948340000
3/26/2021,3974.540039,3978.189941,3917.120117,3917.120117,5483160000
3/29/2021,3971.090088,3981.830078,3943.25,3969.310059,4628180000
3/30/2021,3958.550049,3968.01001,3944.350098,3963.340088,4121510000
3/31/2021,3972.889893,3994.409912,3966.97998,3967.25,4578050000
4/1/2021,4019.870117,4020.629883,3992.780029,3992.780029,4162130000
4/5/2021,4077.909912,4083.419922,4034.439941,4034.439941,4005030000
4/6/2021,4073.939941,4086.22998,4068.139893,4075.570068,4081270000
4/7/2021,4079.949951,4083.129883,4068.310059,4074.290039,4120810000
4/8/2021,4097.169922,4098.189941,4082.540039,4089.949951,3907100000
4/9/2021,4128.799805,4129.47998,4095.51001,4096.109863,3640390000
4/12/2021,4127.990234,4131.759766,4114.819824,4124.709961,3588900000
4/13/2021,4141.589844,4148,4124.430176,4130.100098,3734720000
4/14/2021,4124.660156,4151.689941,4120.870117,4141.580078,3985350000
4/15/2021,4170.419922,4173.490234,4139.759766,4139.759766,4033420000
4/16/2021,4185.470215,4191.310059,4170.75,4174.140137,4163820000
4/19/2021,4163.259766,4180.810059,4150.470215,4179.799805,3810290000
4/20/2021,4134.939941,4159.180176,4118.379883,4159.180176,4342650000
4/21/2021,4173.419922,4175.02002,4126.350098,4128.419922,3887250000
4/22/2021,4134.97998,4179.569824,4123.689941,4170.459961,4245140000
4/23/2021,4180.169922,4194.169922,4138.779785,4138.779785,3569880000
4/26/2021,4187.620117,4194.189941,4182.359863,4185.029785,3748320000
4/27/2021,4186.720215,4193.350098,4176.220215,4188.25,3710700000
4/28/2021,4183.180176,4201.529785,4181.779785,4185.140137,3787360000
4/29/2021,4211.470215,4218.779785,4176.810059,4206.140137,4298680000
4/30/2021,4181.169922,4198.100098,4174.850098,4198.100098,4300880000
5/3/2021,4192.660156,4209.390137,4188.029785,4191.97998,4070220000
5/4/2021,4164.660156,4179.040039,4128.589844,4179.040039,4452460000
5/5/2021,4167.589844,4187.720215,4160.939941,4177.060059,4230920000
5/6/2021,4201.620117,4202.700195,4147.330078,4169.140137,4511000000
5/7/2021,4232.600098,4238.040039,4201.640137,4210.339844,4016080000
5/10/2021,4188.430176,4236.390137,4188.129883,4228.290039,4560700000
5/11/2021,4152.100098,4162.040039,4111.529785,4150.339844,4870710000
5/12/2021,4063.040039,4134.72998,4056.879883,4130.549805,4733070000
5/13/2021,4112.5,4131.580078,4074.98999,4074.98999,4779540000
5/14/2021,4173.850098,4183.129883,4129.580078,4129.580078,4008880000
5/17/2021,4163.290039,4171.919922,4142.689941,4169.919922,4125050000
5/18/2021,4127.830078,4169.149902,4125.990234,4165.939941,4398150000
5/19/2021,4115.680176,4116.930176,4061.409912,4098.450195,4247450000
5/20/2021,4159.120117,4172.799805,4121.970215,4121.970215,3978880000
5/21/2021,4155.859863,4188.720215,4151.720215,4168.609863,3995250000
5/24/2021,4197.049805,4209.52002,4170.160156,4170.160156,3684800000
5/25/2021,4188.129883,4213.419922,4182.52002,4205.939941,4182250000
5/26/2021,4195.990234,4202.609863,4184.109863,4191.589844,4420890000
5/27/2021,4200.879883,4213.379883,4197.779785,4201.939941,6406310000
5/28/2021,4204.109863,4218.359863,4203.569824,4210.77002,4649250000
6/1/2021,4202.040039,4234.120117,4197.589844,4216.52002,5074670000
6/2/2021,4208.120117,4217.370117,4198.27002,4206.819824,5833670000
6/3/2021,4192.850098,4204.390137,4167.930176,4191.430176,5587970000
6/4/2021,4229.890137,4233.450195,4206.049805,4206.049805,4139790000
6/7/2021,4226.52002,4232.339844,4215.660156,4229.339844,4476920000
6/8/2021,4227.259766,4236.740234,4208.410156,4233.810059,4659620000
6/9/2021,4219.549805,4237.089844,4218.740234,4232.990234,4713260000
6/10/2021,4239.180176,4249.740234,4220.339844,4228.560059,4408210000
6/11/2021,4247.439941,4248.379883,4232.25,4242.899902,3815010000
6/14/2021,4255.149902,4255.589844,4234.069824,4248.310059,4151200000
6/15/2021,4246.589844,4257.160156,4238.350098,4255.279785,4048940000
6/16/2021,4223.700195,4251.890137,4202.450195,4248.870117,4538350000
6/17/2021,4221.859863,4232.290039,4196.049805,4220.370117,5312680000
6/18/2021,4166.450195,4204.779785,4164.399902,4204.779785,6817010000
6/21/2021,4224.790039,4226.240234,4173.399902,4173.399902,4128950000
6/22/2021,4246.439941,4255.839844,4217.27002,4224.609863,3828390000
6/23/2021,4241.839844,4256.600098,4241.430176,4249.27002,3730350000
6/24/2021,4266.490234,4271.279785,4256.970215,4256.970215,3816660000
6/25/2021,4280.700195,4286.120117,4271.160156,4274.450195,7341450000
6/28/2021,4290.609863,4292.140137,4274.669922,4284.899902,4147890000
6/29/2021,4291.799805,4300.52002,4287.040039,4293.209961,3707150000
6/30/2021,4297.5,4302.430176,4287.959961,4290.649902,4266040000
7/1/2021,4319.939941,4320.660156,4300.72998,4300.72998,3788230000
7/2/2021,4352.339844,4355.430176,4326.600098,4326.600098,3225840000
7/6/2021,4343.540039,4356.459961,4314.370117,4356.459961,4309570000
7/7/2021,4358.129883,4361.879883,4329.790039,4351.009766,4037380000
7/8/2021,4320.819824,4330.879883,4289.370117,4321.069824,4347500000
7/9/2021,4369.549805,4371.600098,4329.379883,4329.379883,3531120000
7/12/2021,4384.629883,4386.680176,4364.029785,4372.410156,3384460000
7/13/2021,4369.209961,4392.370117,4366.919922,4381.069824,3695430000
7/14/2021,4374.299805,4393.680176,4362.359863,4380.109863,4006370000
7/15/2021,4360.029785,4369.02002,4340.700195,4369.02002,3905230000
7/16/2021,4327.160156,4375.089844,4322.529785,4367.430176,3985700000
7/19/2021,4258.490234,4296.399902,4233.129883,4296.399902,5157660000
7/20/2021,4323.060059,4336.839844,4262.049805,4265.109863,4438270000
7/21/2021,4358.689941,4359.700195,4331.129883,4331.129883,3810280000
7/22/2021,4367.47998,4369.870117,4350.060059,4361.27002,3358300000
7/23/2021,4411.790039,4415.180176,4381.200195,4381.200195,4540070000
7/26/2021,4422.299805,4422.72998,4405.450195,4409.580078,4275630000
7/27/2021,4401.459961,4416.379883,4372.509766,4416.379883,4241950000
7/28/2021,4400.640137,4415.470215,4387.009766,4402.950195,4215290000
7/29/2021,4419.149902,4429.970215,4403.589844,4403.589844,4044600000
7/30/2021,4395.259766,4412.25,4389.649902,4395.120117,3956740000
8/2/2021,4387.160156,4422.180176,4384.810059,4406.859863,3724090000
8/3/2021,4423.149902,4423.790039,4373,4392.740234,3965190000
8/4/2021,4402.660156,4416.169922,4400.22998,4415.950195,4260760000
8/5/2021,4429.100098,4429.759766,4408.859863,4408.859863,3769410000
8/6/2021,4436.52002,4440.819824,4429.069824,4429.069824,3451870000
8/9/2021,4432.350098,4439.390137,4424.740234,4437.77002,3449280000
8/10/2021,4436.75,4445.209961,4430.029785,4435.790039,3886610000
8/11/2021,4442.410156,4449.439941,4436.419922,4442.180176,3532560000
8/12/2021,4460.830078,4461.77002,4435.959961,4446.080078,3375310000
8/13/2021,4468,4468.370117,4460.819824,4464.839844,3016470000
8/16/2021,4479.709961,4480.259766,4437.660156,4461.649902,3370640000
8/17/2021,4448.080078,4462.120117,4417.830078,4462.120117,3836960000
8/18/2021,4400.27002,4454.319824,4397.589844,4440.939941,3755590000
8/19/2021,4405.799805,4418.609863,4367.72998,4382.439941,4398410000
8/20/2021,4441.669922,4444.350098,4406.799805,4410.560059,3652610000
8/23/2021,4479.529785,4489.879883,4450.290039,4450.290039,3576530000
8/24/2021,4486.22998,4492.810059,4482.279785,4484.399902,3979220000
8/25/2021,4496.189941,4501.709961,4485.660156,4490.450195,3444700000
8/26/2021,4470,4495.899902,4468.990234,4493.75,3263980000
8/27/2021,4509.370117,4513.330078,4474.100098,4474.100098,3331200000
8/30/2021,4528.790039,4537.359863,4513.759766,4513.759766,3168660000
8/31/2021,4522.680176,4531.390137,4515.799805,4529.75,4290710000
9/1/2021,4524.089844,4537.109863,4522.02002,4528.799805,4057340000
9/2/2021,4536.950195,4545.850098,4524.660156,4534.47998,3735990000
9/3/2021,4535.430176,4541.450195,4521.299805,4532.419922,3217530000
9/7/2021,4520.029785,4535.379883,4513,4535.379883,3822960000
9/8/2021,4514.069824,4521.790039,4493.950195,4518.089844,3750880000
9/9/2021,4493.279785,4529.899902,4492.069824,4513.02002,3735390000
9/10/2021,4458.580078,4520.470215,4457.660156,4506.919922,3623180000
9/13/2021,4468.72998,4492.990234,4445.700195,4474.810059,3914220000
9/14/2021,4443.049805,4485.680176,4435.459961,4479.330078,3670460000
9/15/2021,4480.700195,4486.870117,4438.370117,4447.490234,4032020000
9/16/2021,4473.75,4485.870117,4443.799805,4477.089844,3984560000
9/17/2021,4432.990234,4471.52002,4427.759766,4469.740234,7289530000
9/20/2021,4357.72998,4402.950195,4305.910156,4402.950195,4898070000
9/21/2021,4354.189941,4394.870117,4347.959961,4374.450195,3920920000
9/22/2021,4395.640137,4416.75,4367.430176,4367.430176,3939170000
9/23/2021,4448.97998,4465.399902,4406.75,4406.75,3916350000
9/24/2021,4455.47998,4463.120117,4430.27002,4438.040039,3384290000
9/27/2021,4443.109863,4457.299805,4436.189941,4442.120117,4058650000
9/28/2021,4352.629883,4419.540039,4346.330078,4419.540039,4416550000
9/29/2021,4359.459961,4385.569824,4355.080078,4362.410156,3712660000
9/30/2021,4307.540039,4382.549805,4306.240234,4370.669922,4448140000
10/1/2021,4357.040039,4375.189941,4288.52002,4317.160156,4010370000
10/4/2021,4300.459961,4355.509766,4278.939941,4348.839844,4307870000
10/5/2021,4345.720215,4369.22998,4309.870117,4309.870117,3902890000
10/6/2021,4363.549805,4365.569824,4290.490234,4319.569824,4009630000
10/7/2021,4399.759766,4429.970215,4383.72998,4383.72998,3843740000
10/8/2021,4391.339844,4412.02002,4386.220215,4406.509766,3280160000
10/11/2021,4361.189941,4415.879883,4360.589844,4385.439941,3281970000
10/12/2021,4350.649902,4374.890137,4342.089844,4368.310059,3558450000
10/13/2021,4363.799805,4372.870117,4329.919922,4358.009766,3620070000
10/14/2021,4438.259766,4439.72998,4386.75,4386.75,3598280000
10/15/2021,4471.370117,4475.819824,4447.689941,4447.689941,3819380000
10/18/2021,4486.459961,4488.75,4447.470215,4463.720215,3662010000
10/19/2021,4519.629883,4520.399902,4496.410156,4497.339844,3459130000
10/20/2021,4536.189941,4540.870117,4524.399902,4524.419922,3670760000
10/21/2021,4549.779785,4551.439941,4526.890137,4532.240234,3822330000
10/22/2021,4544.899902,4559.669922,4524,4546.120117,3758220000
10/25/2021,4566.47998,4572.620117,4537.359863,4553.689941,3899400000
10/26/2021,4574.790039,4598.529785,4569.169922,4578.689941,3879740000
10/27/2021,4551.680176,4584.569824,4551.660156,4580.220215,4226050000
10/28/2021,4596.419922,4597.549805,4562.839844,4562.839844,4132950000
10/29/2021,4605.379883,4608.080078,4567.589844,4572.870117,4510200000
11/1/2021,4613.669922,4620.339844,4595.060059,4610.620117,3971540000
11/2/2021,4630.649902,4635.149902,4613.339844,4613.339844,3975250000
11/3/2021,4660.569824,4663.459961,4621.189941,4630.649902,4319660000
11/4/2021,4680.060059,4683,4662.589844,4662.930176,4462300000
11/5/2021,4697.529785,4718.5,4681.319824,4699.259766,4467180000
11/8/2021,4701.700195,4714.919922,4694.390137,4701.47998,4269710000
11/9/2021,4685.25,4708.529785,4670.870117,4707.25,4117080000
11/10/2021,4646.709961,4684.850098,4630.859863,4670.259766,4503720000
11/11/2021,4649.27002,4664.549805,4648.310059,4659.390137,3926870000
11/12/2021,4682.850098,4688.470215,4650.77002,4655.240234,3728600000
11/15/2021,4682.799805,4697.419922,4672.859863,4689.299805,3488410000
11/16/2021,4700.899902,4714.950195,4679.419922,4679.419922,3972640000
11/17/2021,4688.669922,4701.5,4684.410156,4701.5,3969070000
11/18/2021,4704.540039,4708.799805,4672.779785,4700.720215,4226410000
11/19/2021,4697.959961,4717.75,4694.220215,4708.439941,4253180000
11/22/2021,4682.939941,4743.830078,4682.169922,4712,4441100000
11/23/2021,4690.700195,4699.390137,4652.660156,4678.47998,4277590000
11/24/2021,4701.459961,4702.870117,4659.890137,4675.779785,3418430000
11/26/2021,4594.620117,4664.629883,4585.430176,4664.629883,3517700000
11/29/2021,4655.27002,4672.950195,4625.259766,4628.75,4336410000
11/30/2021,4567,4646.02002,4560,4640.25,6625990000
12/1/2021,4513.040039,4652.939941,4510.27002,4602.819824,5366730000
12/2/2021,4577.100098,4595.459961,4504.72998,4504.72998,5077180000
12/3/2021,4538.430176,4608.029785,4495.120117,4589.490234,5240070000
12/6/2021,4591.669922,4612.600098,4540.509766,4548.370117,4770800000
12/7/2021,4686.75,4694.040039,4631.970215,4631.970215,4492400000
12/8/2021,4701.209961,4705.060059,4674.52002,4690.859863,4234600000
12/9/2021,4667.450195,4695.259766,4665.97998,4691,3903840000
12/10/2021,4712.02002,4713.569824,4670.240234,4687.640137,3870110000
12/13/2021,4668.970215,4710.299805,4667.600098,4710.299805,4397230000
12/14/2021,4634.089844,4660.470215,4606.52002,4642.990234,4485430000
12/15/2021,4709.850098,4712.600098,4611.220215,4636.459961,4910130000
12/16/2021,4668.669922,4731.990234,4651.890137,4719.129883,4829500000
12/17/2021,4620.640137,4666.700195,4600.220215,4652.5,7987090000
12/20/2021,4568.02002,4587.899902,4531.100098,4587.899902,4635700000
12/21/2021,4649.22998,4651.140137,4583.160156,4594.959961,4072430000
12/22/2021,4696.560059,4697.669922,4645.529785,4650.359863,3319610000
12/23/2021,4725.790039,4740.740234,4703.959961,4703.959961,2913040000
12/27/2021,4791.189941,4791.490234,4733.990234,4733.990234,2770290000
12/28/2021,4786.350098,4807.02002,4780.040039,4795.490234,2707920000
12/29/2021,4793.060059,4804.060059,4778.080078,4788.640137,2963310000
12/30/2021,4778.72998,4808.930176,4775.330078,4794.22998,3124950000
12/31/2021,4766.180176,4786.830078,4765.75,4775.209961,2677820000
1/3/2022,4796.560059,4796.640137,4758.169922,4778.140137,3831020000
1/4/2022,4793.540039,4818.620117,4774.27002,4804.509766,4683170000
1/5/2022,4700.580078,4797.700195,4699.439941,4787.990234,4887960000
1/6/2022,4696.049805,4725.009766,4671.259766,4693.390137,4295280000
1/7/2022,4677.029785,4707.950195,4662.740234,4697.660156,4181510000
1/10/2022,4670.290039,4673.02002,4582.240234,4655.339844,4511810000
1/11/2022,4713.069824,4714.129883,4638.27002,4669.140137,4101590000
1/12/2022,4726.350098,4748.830078,4706.709961,4728.589844,4048220000
1/13/2022,4659.029785,4744.129883,4650.290039,4733.560059,4251730000
1/14/2022,4662.850098,4665.129883,4614.75,4637.990234,4338490000
1/18/2022,4577.109863,4632.240234,4568.700195,4632.240234,4748700000
1/19/2022,4532.759766,4611.549805,4530.200195,4588.029785,4465740000
1/20/2022,4482.72998,4602.109863,4477.950195,4547.350098,4640870000
1/21/2022,4397.939941,4494.52002,4395.339844,4471.379883,5589100000
1/24/2022,4410.129883,4417.350098,4222.620117,4356.319824,6928110000
1/25/2022,4356.450195,4411.009766,4287.109863,4366.640137,5145050000
1/26/2022,4349.930176,4453.22998,4304.799805,4408.430176,5570640000
1/27/2022,4326.509766,4428.740234,4309.5,4380.580078,5214200000
1/28/2022,4431.850098,4432.720215,4292.459961,4336.189941,5031090000
1/31/2022,4515.549805,4516.890137,4414.02002,4431.790039,5098610000
2/1/2022,4546.540039,4550.490234,4483.529785,4519.569824,4816830000
2/2/2022,4589.379883,4595.310059,4544.319824,4566.390137,4481580000
2/3/2022,4477.439941,4542.879883,4470.390137,4535.410156,4401970000
2/4/2022,4500.529785,4539.660156,4451.5,4482.790039,4706290000
2/7/2022,4483.870117,4521.859863,4471.470215,4505.75,4228480000
2/8/2022,4521.540039,4531.319824,4465.399902,4480.02002,4459620000
2/9/2022,4587.180176,4590.029785,4547,4547,4524350000
2/10/2022,4504.080078,4588.919922,4484.310059,4553.240234,5314860000
2/11/2022,4418.640137,4526.330078,4401.410156,4506.27002,5251500000
2/14/2022,4401.669922,4426.220215,4364.839844,4412.609863,4600390000
2/15/2022,4471.069824,4472.77002,4429.279785,4429.279785,4430830000
2/16/2022,4475.009766,4489.549805,4429.680176,4455.75,4283640000
2/17/2022,4380.259766,4456.060059,4373.810059,4456.060059,4539420000
2/18/2022,4348.870117,4394.600098,4327.220215,4384.569824,4708060000
2/22/2022,4304.759766,4362.120117,4267.109863,4332.740234,5121900000
2/23/2022,4225.5,4341.509766,4221.509766,4324.930176,4797430000
2/24/2022,4288.700195,4294.72998,4114.649902,4155.77002,6752130000
2/25/2022,4384.649902,4385.339844,4286.830078,4298.379883,5177060000
2/28/2022,4373.939941,4388.839844,4315.120117,4354.169922,6071370000
3/1/2022,4306.259766,4378.450195,4279.540039,4363.140137,5846230000
3/2/2022,4386.540039,4401.47998,4322.560059,4322.560059,5337870000
3/3/2022,4363.490234,4416.779785,4345.560059,4401.310059,5039890000
3/4/2022,4328.870117,4342.120117,4284.97998,4342.120117,5797380000
3/7/2022,4201.089844,4327.009766,4199.850098,4327.009766,6940470000
3/8/2022,4170.700195,4276.939941,4157.870117,4202.660156,7243120000
3/9/2022,4277.879883,4299.399902,4223.100098,4223.100098,5662670000
3/10/2022,4259.52002,4268.279785,4209.799805,4252.549805,4980830000
3/11/2022,4204.310059,4291.009766,4200.490234,4279.5,4938640000
3/14/2022,4173.109863,4247.569824,4161.720215,4202.75,5574920000
3/15/2022,4262.450195,4271.049805,4187.899902,4188.819824,5392470000
3/16/2022,4357.859863,4358.899902,4251.990234,4288.140137,6309750000
3/17/2022,4411.669922,4412.669922,4335.649902,4345.109863,4985090000
3/18/2022,4463.120117,4465.399902,4390.569824,4407.339844,8278430000
3/21/2022,4461.180176,4481.75,4424.299805,4462.399902,4869820000
3/22/2022,4511.609863,4522,4469.100098,4469.100098,4754840000
3/23/2022,4456.240234,4501.069824,4455.810059,4493.100098,4550670000
3/24/2022,4520.160156,4520.580078,4465.169922,4469.97998,4131390000
3/25/2022,4543.060059,4546.029785,4501.069824,4522.910156,4305020000
3/28/2022,4575.52002,4575.649902,4517.689941,4541.089844,4312260000
3/29/2022,4631.600098,4637.299805,4589.660156,4602.859863,5085910000
3/30/2022,4602.450195,4627.77002,4581.319824,4624.200195,4385570000
3/31/2022,4530.410156,4603.069824,4530.410156,4599.02002,4823020000
4/1/2022,4545.859863,4548.700195,4507.569824,4540.319824,4562940000
4/4/2022,4582.640137,4583.5,4539.209961,4547.970215,4547350000
4/5/2022,4525.120117,4593.450195,4514.169922,4572.450195,4800620000
4/6/2022,4481.149902,4503.939941,4450.040039,4494.169922,4986830000
4/7/2022,4500.209961,4521.160156,4450.299805,4474.649902,4821490000
4/8/2022,4488.279785,4520.410156,4474.600098,4494.149902,4083200000
4/11/2022,4412.529785,4464.350098,4408.379883,4462.640137,4266290000
4/12/2022,4397.450195,4471,4381.339844,4437.589844,4152090000
4/13/2022,4446.589844,4453.919922,4392.700195,4394.299805,3828150000
4/14/2022,4392.589844,4460.459961,4390.77002,4449.120117,4083090000
4/18/2022,4391.689941,4410.310059,4370.299805,4385.629883,3910490000
4/19/2022,4462.209961,4471.029785,4390.629883,4390.629883,4108120000
4/20/2022,4459.450195,4488.290039,4448.759766,4472.259766,4290450000
4/21/2022,4393.660156,4512.939941,4384.470215,4489.169922,4636890000
4/22/2022,4271.779785,4385.830078,4267.620117,4385.830078,4651940000
4/25/2022,4296.120117,4299.02002,4200.819824,4255.339844,5240040000
4/26/2022,4175.200195,4278.140137,4175.040039,4278.140137,4689970000
4/27/2022,4183.959961,4240.709961,4162.899902,4186.52002,4769680000
4/28/2022,4287.5,4308.450195,4188.629883,4222.580078,4854180000
4/29/2022,4131.930176,4269.680176,4124.279785,4253.75,5084030000
5/2/2022,4155.379883,4169.810059,4062.51001,4130.609863,5163790000
5/3/2022,4175.47998,4200.100098,4147.080078,4159.779785,4582050000
5/4/2022,4300.169922,4307.660156,4148.910156,4181.180176,5136360000
5/5/2022,4146.870117,4270.430176,4106.009766,4270.430176,5077030000
5/6/2022,4123.339844,4157.689941,4067.909912,4128.169922,5116940000
5/9/2022,3991.23999,4081.27002,3975.47998,4081.27002,5954520000
5/10/2022,4001.050049,4068.820068,3958.169922,4035.179932,5885820000
5/11/2022,3935.179932,4049.090088,3928.820068,3990.080078,5816140000
5/12/2022,3930.080078,3964.800049,3858.870117,3903.949951,6286450000
5/13/2022,4023.889893,4038.879883,3963.899902,3963.899902,5183340000
5/16/2022,4008.01001,4046.459961,3983.98999,4013.02002,4415030000
5/17/2022,4088.850098,4090.719971,4033.929932,4052,4841410000
5/18/2022,3923.679932,4051.97998,3911.909912,4051.97998,5103220000
5/19/2022,3900.790039,3945.959961,3876.580078,3899,5113550000
5/20/2022,3901.360107,3943.419922,3810.320068,3927.76001,5130730000
5/23/2022,3973.75,3981.879883,3909.040039,3919.419922,4420030000
5/24/2022,3941.47998,3955.679932,3875.129883,3942.939941,4923190000
5/25/2022,3978.72998,3999.330078,3925.030029,3929.590088,4802560000
5/26/2022,4057.840088,4075.139893,3984.600098,3984.600098,4709970000
5/27/2022,4158.240234,4158.490234,4077.429932,4077.429932,4375620000
5/31/2022,4132.149902,4168.339844,4104.879883,4151.089844,6822640000
6/1/2022,4101.22998,4166.540039,4073.850098,4149.779785,4531800000
6/2/2022,4176.819824,4177.509766,4074.370117,4095.409912,4405790000
6/3/2022,4108.540039,4142.669922,4098.669922,4137.569824,3711110000
6/6/2022,4121.430176,4168.779785,4109.180176,4134.720215,4332700000
6/7/2022,4160.680176,4164.859863,4080.189941,4096.470215,4248210000
6/8/2022,4115.77002,4160.140137,4107.200195,4147.120117,4159470000
6/9/2022,4017.820068,4119.100098,4017.169922,4101.649902,4134170000
6/10/2022,3900.860107,3974.389893,3900.159912,3974.389893,4889640000
6/13/2022,3749.629883,3838.149902,3734.300049,3838.149902,5636890000
6/14/2022,3735.47998,3778.179932,3705.679932,3763.52002,5153890000
6/15/2022,3789.98999,3837.560059,3722.300049,3764.050049,5530480000
6/16/2022,3666.77002,3728.179932,3639.77002,3728.179932,5644930000
6/17/2022,3674.840088,3707.709961,3636.870117,3665.899902,8520740000
6/21/2022,3764.790039,3779.649902,3715.310059,3715.310059,5292260000
6/22/2022,3759.889893,3801.790039,3717.689941,3733.889893,5058990000
6/23/2022,3795.72998,3802.580078,3743.52002,3774.709961,5098640000
6/24/2022,3911.73999,3913.649902,3821.75,3821.75,8120260000
6/27/2022,3900.110107,3927.719971,3889.659912,3920.76001,4325310000
6/28/2022,3821.550049,3945.860107,3820.139893,3913,4270120000
6/29/2022,3818.830078,3836.5,3799.02002,3825.090088,4211240000
6/30/2022,3785.379883,3818.98999,3738.669922,3785.98999,4840070000
7/1/2022,3825.330078,3829.820068,3752.100098,3781,4046950000
7/5/2022,3831.389893,3832.189941,3742.060059,3792.610107,5076590000
7/6/2022,3845.080078,3870.909912,3809.370117,3831.97998,4417720000
7/7/2022,3902.620117,3910.629883,3858.850098,3858.850098,4057770000
7/8/2022,3899.379883,3918.5,3869.340088,3888.26001,3521620000
7/11/2022,3854.429932,3880.939941,3847.219971,3880.939941,3423480000
7/12/2022,3818.800049,3873.409912,3802.360107,3851.949951,3817210000
7/13/2022,3801.780029,3829.439941,3759.070068,3779.669922,4109390000
7/14/2022,3790.379883,3796.409912,3721.560059,3763.98999,4199690000
7/15/2022,3863.159912,3863.620117,3817.179932,3818,4143800000
7/18/2022,3830.850098,3902.439941,3818.629883,3883.790039,4046870000
7/19/2022,3936.689941,3939.810059,3860.72998,3860.72998,4041070000
7/20/2022,3959.899902,3974.129883,3922.030029,3935.320068,4185300000
7/21/2022,3998.949951,3999.290039,3927.639893,3955.469971,4132790000
7/22/2022,3961.629883,4012.439941,3938.860107,3998.429932,3979240000
7/25/2022,3966.840088,3975.300049,3943.459961,3965.719971,3568340000
7/26/2022,3921.050049,3953.219971,3910.73999,3953.219971,3778950000
7/27/2022,4023.610107,4039.560059,3951.429932,3951.429932,4112180000
7/28/2022,4072.429932,4078.949951,3992.969971,4026.129883,4413000000
7/29/2022,4130.290039,4140.149902,4079.219971,4087.330078,4616360000
8/1/2022,4118.629883,4144.950195,4096.02002,4112.379883,4202810000
8/2/2022,4091.189941,4140.470215,4079.810059,4104.209961,4727710000
8/3/2022,4155.169922,4167.660156,4107.959961,4107.959961,4351760000
8/4/2022,4151.939941,4161.290039,4135.419922,4154.850098,4283320000
8/5/2022,4145.189941,4151.580078,4107.310059,4115.870117,4085940000
8/8/2022,4140.060059,4186.620117,4128.970215,4155.930176,4221090000
8/9/2022,4122.470215,4137.299805,4112.089844,4133.109863,3913090000
8/10/2022,4210.240234,4211.029785,4177.259766,4181.02002,4546010000
8/11/2022,4207.27002,4257.910156,4201.410156,4227.399902,4630200000
8/12/2022,4280.149902,4280.470215,4219.779785,4225.02002,3788010000
8/15/2022,4297.140137,4301.790039,4256.899902,4269.370117,3696830000
8/16/2022,4305.200195,4325.279785,4277.77002,4290.459961,4329820000
8/17/2022,4274.040039,4302.180176,4253.080078,4280.399902,3885030000
8/18/2022,4283.740234,4292.529785,4261.97998,4273.129883,3340330000
8/19/2022,4228.47998,4266.310059,4218.700195,4266.310059,3761340000
8/22/2022,4137.990234,4195.080078,4129.859863,4195.080078,3907430000
8/23/2022,4128.72998,4159.77002,4124.029785,4133.089844,3823520000
8/24/2022,4140.77002,4156.560059,4119.970215,4126.549805,3583630000
8/25/2022,4199.120117,4200.540039,4147.589844,4153.259766,3566870000
8/26/2022,4057.659912,4203.040039,4057.659912,4198.740234,3832750000
8/29/2022,4030.610107,4062.98999,4017.419922,4034.580078,3396510000
8/30/2022,3986.159912,4044.97998,3965.209961,4041.25,3835860000
8/31/2022,3955,4015.370117,3954.530029,4000.669922,4542490000
9/1/2022,3966.850098,3970.22998,3903.649902,3936.72998,4152250000
9/2/2022,3924.26001,4018.429932,3906.209961,3994.659912,3665850000
9/6/2022,3908.189941,3942.550049,3886.75,3930.889893,4127340000
9/7/2022,3979.870117,3987.889893,3906.030029,3909.429932,3890320000
9/8/2022,4006.179932,4010.5,3944.810059,3959.939941,3966850000
9/9/2022,4067.360107,4076.810059,4022.939941,4022.939941,3901940000
9/12/2022,4110.410156,4119.279785,4083.669922,4083.669922,3814200000
9/13/2022,3932.689941,4037.120117,3921.280029,4037.120117,4224550000
9/14/2022,3946.01001,3961.939941,3912.179932,3940.72998,4293240000
9/15/2022,3901.350098,3959.139893,3888.280029,3932.409912,4441830000
9/16/2022,3873.330078,3880.949951,3837.080078,3880.949951,7954650000
9/19/2022,3899.889893,3900.449951,3838.5,3849.909912,3766850000
9/20/2022,3855.929932,3876.01001,3827.540039,3875.22998,4058050000
9/21/2022,3789.929932,3907.070068,3789.48999,3871.399902,4078330000
9/22/2022,3757.98999,3790.899902,3749.449951,3782.360107,4284600000
9/23/2022,3693.22998,3727.139893,3647.469971,3727.139893,5144270000
9/26/2022,3655.040039,3715.669922,3644.76001,3682.719971,4886140000
9/27/2022,3647.290039,3717.530029,3623.290039,3686.439941,4577740000
9/28/2022,3719.040039,3736.73999,3640.610107,3651.939941,4684850000
9/29/2022,3640.469971,3687.01001,3610.399902,3687.01001,4681810000
9/30/2022,3585.620117,3671.439941,3584.129883,3633.47998,5645360000
10/3/2022,3678.429932,3698.350098,3604.929932,3609.780029,4806680000
10/4/2022,3790.929932,3791.919922,3726.459961,3726.459961,5146580000
10/5/2022,3783.280029,3806.909912,3722.659912,3753.25,4293180000
10/6/2022,3744.52002,3797.929932,3739.219971,3771.969971,4252100000
10/7/2022,3639.659912,3706.73999,3620.72998,3706.73999,4449660000
10/10/2022,3612.389893,3652.169922,3588.100098,3647.51001,3834320000
10/11/2022,3588.840088,3640.659912,3568.449951,3595.860107,4759030000
10/12/2022,3577.030029,3608.340088,3573.860107,3590.830078,4006830000
10/13/2022,3669.909912,3685.409912,3491.580078,3520.370117,5021680000
10/14/2022,3583.070068,3712,3579.679932,3690.409912,4243030000
10/17/2022,3677.949951,3689.72998,3638.649902,3638.649902,4352780000
10/18/2022,3719.97998,3762.790039,3686.530029,3746.26001,4483740000
10/19/2022,3695.159912,3728.580078,3666.51001,3703.110107,4223800000
10/20/2022,3665.780029,3736,3656.439941,3689.050049,4496620000
10/21/2022,3752.75,3757.889893,3647.419922,3657.100098,5078020000
10/24/2022,3797.340088,3810.73999,3741.649902,3762.01001,4747930000
10/25/2022,3859.110107,3862.850098,3799.439941,3799.439941,4843120000
10/26/2022,3830.600098,3886.149902,3824.070068,3825.969971,4817310000
10/27/2022,3807.300049,3859.949951,3803.790039,3834.689941,4687320000
10/28/2022,3901.060059,3905.419922,3808.26001,3808.26001,4459410000
10/31/2022,3871.97998,3893.72998,3863.179932,3881.850098,4820620000
11/1/2022,3856.100098,3911.790039,3843.800049,3901.790039,4481210000
11/2/2022,3759.689941,3894.439941,3758.679932,3852.899902,4899000000
11/3/2022,3719.889893,3750.590088,3698.149902,3733.25,4625290000
11/4/2022,3770.550049,3796.340088,3708.840088,3766.97998,5400180000
11/7/2022,3806.800049,3813.949951,3764.699951,3780.709961,4341620000
11/8/2022,3828.110107,3859.399902,3786.280029,3817.02002,4607640000
11/9/2022,3748.570068,3818.199951,3744.219971,3810.939941,4645010000
11/10/2022,3956.370117,3958.330078,3859.889893,3859.889893,5781260000
11/11/2022,3992.929932,4001.47998,3944.820068,3963.719971,5593310000
11/14/2022,3957.25,4008.969971,3956.399902,3977.969971,4561930000
11/15/2022,3991.72998,4028.840088,3953.169922,4006.409912,5015310000
11/16/2022,3958.790039,3983.090088,3954.340088,3976.820068,4165320000
11/17/2022,3946.560059,3954.330078,3906.540039,3919.26001,4051780000
11/18/2022,3965.340088,3979.889893,3935.97998,3966.389893,4037360000
11/21/2022,3949.939941,3962,3933.340088,3956.22998,3850690000
11/22/2022,4003.580078,4005.879883,3956.879883,3965.51001,3887990000
11/23/2022,4027.26001,4033.780029,3998.659912,4000.300049,3279720000
11/25/2022,4026.120117,4034.02002,4020.76001,4023.340088,1706460000
11/28/2022,3963.939941,4012.27002,3955.77002,4005.360107,3615430000
11/29/2022,3957.629883,3976.77002,3937.649902,3964.189941,3546040000
11/30/2022,4080.110107,4080.110107,3938.580078,3957.179932,6579360000
12/1/2022,4076.570068,4100.509766,4050.870117,4087.139893,4527130000
12/2/2022,4071.699951,4080.47998,4026.629883,4040.169922,4012620000
12/5/2022,3998.840088,4052.449951,3984.48999,4052.02002,4280820000
12/6/2022,3941.26001,4001.51001,3918.389893,3996.629883,4368380000
12/7/2022,3933.919922,3957.570068,3922.679932,3933.280029,4118050000
12/8/2022,3963.51001,3974.189941,3935.830078,3947.790039,4006900000
12/9/2022,3934.379883,3977.02002,3933.040039,3954.169922,3888260000
12/12/2022,3990.560059,3990.709961,3935.300049,3939.290039,3904130000
12/13/2022,4019.649902,4100.959961,3993.030029,4069.379883,5079360000
12/14/2022,3995.320068,4053.76001,3965.649902,4015.540039,4472340000
12/15/2022,3895.75,3958.370117,3879.449951,3958.370117,4493900000
12/16/2022,3852.360107,3890.909912,3827.909912,3890.909912,7493660000
12/19/2022,3817.659912,3854.860107,3800.040039,3853.790039,3969610000
12/20/2022,3821.620117,3838.23999,3795.620117,3810.469971,3985370000
12/21/2022,3878.439941,3889.820068,3839.48999,3839.48999,3775200000
12/22/2022,3822.389893,3853.26001,3764.48999,3853.26001,3956950000
12/23/2022,3844.820068,3845.800049,3797.01001,3815.110107,2819280000
12/27/2022,3829.25,3846.649902,3813.219971,3843.340088,3030300000
12/28/2022,3783.219971,3848.320068,3780.780029,3829.560059,3083520000
12/29/2022,3849.280029,3858.189941,3805.449951,3805.449951,3003680000
12/30/2022,3839.5,3839.850098,3800.340088,3829.060059,2979870000
1/3/2023,3824.139893,3878.459961,3794.330078,3853.290039,3959140000
1/4/2023,3852.969971,3873.159912,3815.77002,3840.360107,4414080000
1/5/2023,3808.100098,3839.73999,3802.419922,3839.73999,3893450000
1/6/2023,3895.080078,3906.189941,3809.560059,3823.370117,3923560000
1/9/2023,3892.090088,3950.570068,3890.419922,3910.820068,4311770000
1/10/2023,3919.25,3919.830078,3877.290039,3888.570068,3851030000
1/11/2023,3969.610107,3970.070068,3928.540039,3932.350098,4303360000
1/12/2023,3983.169922,3997.76001,3937.560059,3977.570068,4440260000
1/13/2023,3999.090088,4003.949951,3947.669922,3960.600098,3939700000
1/17/2023,3990.969971,4015.389893,3984.570068,3999.280029,4235560000
1/18/2023,3928.860107,4014.159912,3926.590088,4002.25,4298710000
1/19/2023,3898.850098,3922.939941,3885.540039,3911.840088,3991500000
1/20/2023,3972.610107,3972.959961,3897.860107,3909.040039,4013360000
1/23/2023,4019.810059,4039.310059,3971.639893,3978.139893,3945210000
1/24/2023,4016.949951,4023.919922,3989.790039,4001.73999,3320430000
1/25/2023,4016.219971,4019.550049,3949.060059,3982.709961,3724020000
1/26/2023,4060.429932,4061.570068,4013.290039,4036.080078,3809590000
1/27/2023,4070.560059,4094.209961,4048.699951,4053.719971,3907760000
1/30/2023,4017.77002,4063.850098,4015.550049,4049.27002,3802000000
1/31/2023,4076.600098,4077.159912,4020.439941,4020.850098,4679320000
2/1/2023,4119.209961,4148.950195,4037.199951,4070.070068,4856930000
2/2/2023,4179.759766,4195.439941,4141.879883,4158.680176,5624360000
2/3/2023,4136.47998,4182.359863,4123.359863,4136.689941,4694510000
2/6/2023,4111.080078,4124.629883,4093.379883,4119.569824,4114240000
2/7/2023,4164,4176.540039,4088.389893,4105.350098,4355860000
2/8/2023,4117.859863,4156.850098,4111.669922,4153.470215,4029820000
2/9/2023,4081.5,4156.22998,4069.669922,4144.25,4270200000
2/10/2023,4090.459961,4094.360107,4060.790039,4068.919922,3891520000
2/13/2023,4137.290039,4138.899902,4092.669922,4096.620117,3448620000
2/14/2023,4136.129883,4159.77002,4095.01001,4126.700195,3929200000
2/15/2023,4147.600098,4148.109863,4103.97998,4119.5,4075980000
2/16/2023,4090.409912,4136.540039,4089.48999,4114.75,4143660000
2/17/2023,4079.090088,4081.51001,4047.949951,4077.389893,4045480000
2/21/2023,3997.340088,4052.350098,3995.189941,4052.350098,4121590000
2/22/2023,3991.050049,4017.370117,3976.899902,4001.830078,4079320000
2/23/2023,4012.320068,4028.300049,3969.189941,4018.600098,3952940000
2/24/2023,3970.040039,3978.25,3943.080078,3973.23999,3877700000
2/27/2023,3982.23999,4018.050049,3973.550049,3992.360107,3836950000
2/28/2023,3970.149902,3997.5,3968.97998,3977.189941,5043400000
3/1/2023,3951.389893,3971.72998,3939.050049,3963.340088,4249480000
3/2/2023,3981.350098,3990.840088,3928.159912,3938.679932,4244900000
3/3/2023,4045.639893,4048.290039,3995.169922,3998.02002,4084730000
3/6/2023,4048.419922,4078.48999,4044.610107,4055.149902,4000870000
3/7/2023,3986.370117,4050,3980.310059,4048.26001,3922500000
3/8/2023,3992.01001,4000.409912,3969.76001,3987.550049,3535570000
3/9/2023,3918.320068,4017.810059,3908.699951,3998.659912,4445260000
3/10/2023,3861.590088,3934.050049,3846.320068,3912.77002,5518190000
3/13/2023,3855.76001,3905.050049,3808.860107,3835.120117,6558020000
3/14/2023,3919.290039,3937.290039,3873.629883,3894.01001,5665870000
3/15/2023,3891.929932,3894.26001,3838.23999,3876.73999,6594010000
3/16/2023,3960.280029,3964.459961,3864.110107,3878.929932,5695790000
3/17/2023,3916.639893,3958.909912,3901.27002,3958.689941,9354280000
3/20/2023,3951.570068,3956.620117,3916.889893,3917.469971,5347140000
3/21/2023,4002.870117,4009.080078,3971.189941,3975.889893,4920240000
3/22/2023,3936.969971,4039.48999,3936.169922,4002.040039,4533010000
3/23/2023,3948.719971,4007.659912,3919.050049,3959.209961,4991600000
3/24/2023,3970.98999,3972.73999,3909.159912,3939.209961,4583970000
3/27/2023,3977.530029,4003.830078,3970.48999,3982.929932,4233540000
3/28/2023,3971.27002,3979.199951,3951.530029,3974.129883,4014600000
3/29/2023,4027.810059,4030.590088,3999.530029,3999.530029,4145250000
3/30/2023,4050.830078,4057.850098,4032.100098,4046.73999,3930860000
3/31/2023,4109.310059,4110.75,4056.179932,4056.179932,4525120000
4/3/2023,4124.509766,4127.660156,4098.790039,4102.200195,4234700000
4/4/2023,4100.600098,4133.129883,4086.870117,4128.029785,4227800000
4/5/2023,4090.379883,4099.689941,4072.560059,4094.5,3968020000
4/6/2023,4105.02002,4107.319824,4069.840088,4081.149902,3486690000
4/10/2023,4109.109863,4109.5,4072.550049,4085.199951,3423650000
4/11/2023,4108.939941,4124.259766,4102.609863,4110.290039,3665830000
4/12/2023,4091.949951,4134.370117,4086.939941,4121.720215,3633120000
4/13/2023,4146.220215,4150.259766,4099.399902,4100.040039,3596590000
4/14/2023,4137.640137,4163.189941,4113.200195,4140.109863,3575690000
4/17/2023,4151.319824,4151.720215,4123.180176,4137.169922,3611180000
4/18/2023,4154.870117,4169.47998,4140.359863,4164.259766,3536640000
4/19/2023,4154.52002,4162.569824,4134.490234,4139.330078,3572560000
4/20/2023,4129.790039,4148.569824,4114.569824,4130.47998,3772080000
4/21/2023,4133.52002,4138.02002,4113.859863,4132.140137,3611750000
4/24/2023,4137.040039,4142.410156,4117.77002,4132.069824,3290940000
4/25/2023,4071.629883,4126.430176,4071.379883,4126.430176,3978640000
4/26/2023,4055.98999,4089.669922,4049.350098,4087.780029,3837030000
4/27/2023,4135.350098,4138.240234,4075.290039,4075.290039,3750550000
4/28/2023,4169.47998,4170.060059,4127.180176,4129.629883,4087800000
5/1/2023,4167.870117,4186.919922,4164.120117,4166.790039,3321370000
5/2/2023,4119.580078,4164.100098,4089.719971,4164.100098,4486130000
5/3/2023,4090.75,4148.299805,4088.860107,4122.25,4246510000
5/4/2023,4061.219971,4082.610107,4048.280029,4082.550049,4920090000
5/5/2023,4136.25,4147.02002,4084.72998,4084.72998,4186270000
5/8/2023,4138.120117,4142.299805,4123.810059,4136.97998,3641640000
5/9/2023,4119.169922,4130.350098,4116.649902,4124.25,3810140000
5/10/2023,4137.640137,4154.279785,4098.919922,4143.740234,4057160000
5/11/2023,4130.620117,4132.799805,4109.290039,4132.240234,3752900000
5/12/2023,4124.080078,4143.740234,4099.120117,4138.540039,3533740000
5/15/2023,4136.279785,4141.25,4110.27002,4126.649902,3562170000
5/16/2023,4109.899902,4135.540039,4109.859863,4127.950195,3654200000
5/17/2023,4158.77002,4164.669922,4113.620117,4122.850098,4039080000
5/18/2023,4198.049805,4202.200195,4153.5,4157.680176,3980500000
5/19/2023,4191.97998,4212.910156,4180.200195,4204.149902,4041900000
5/22/2023,4192.629883,4209.220215,4179.680176,4190.779785,3728520000
5/23/2023,4145.580078,4185.680176,4142.540039,4176.799805,4155320000
5/24/2023,4115.240234,4132.959961,4103.97998,4132.959961,3739160000
5/25/2023,4151.279785,4165.740234,4129.72998,4155.709961,4147760000
5/26/2023,4205.450195,4212.870117,4156.160156,4156.160156,3715460000
5/30/2023,4205.52002,4231.100098,4192.180176,4226.709961,4228510000
5/31/2023,4179.830078,4195.439941,4166.149902,4190.740234,5980670000
6/1/2023,4221.02002,4232.430176,4171.640137,4183.029785,4391860000
6/2/2023,4282.370117,4290.669922,4241.009766,4241.009766,4454200000
6/5/2023,4273.790039,4299.279785,4266.819824,4282.990234,3813290000
6/6/2023,4283.850098,4288.330078,4263.089844,4271.339844,3996560000
6/7/2023,4267.52002,4299.189941,4263.959961,4285.470215,4537800000
6/8/2023,4293.930176,4298.009766,4261.069824,4268.689941,3826740000
6/9/2023,4298.859863,4322.620117,4291.700195,4304.879883,3786510000
6/12/2023,4338.930176,4340.129883,4304.370117,4308.319824,3945670000
6/13/2023,4369.009766,4375.370117,4349.310059,4352.609863,4275400000
6/14/2023,4372.589844,4391.819824,4337.850098,4366.290039,4252110000
6/15/2023,4425.839844,4439.200195,4362.600098,4365.330078,4176690000
6/16/2023,4409.589844,4448.470215,4407.439941,4440.950195,6848600000
6/20/2023,4388.709961,4400.149902,4367.189941,4396.109863,4055790000
6/21/2023,4365.689941,4386.220215,4360.140137,4380.009766,3709330000
6/22/2023,4381.890137,4382.25,4351.819824,4355.399902,3511000000
6/23/2023,4348.330078,4366.549805,4341.339844,4354.169922,6053620000
6/26/2023,4328.819824,4362.060059,4328.080078,4344.839844,3415030000
6/27/2023,4378.410156,4384.419922,4335,4337.359863,3573500000
6/28/2023,4376.859863,4390.350098,4360.220215,4367.47998,3739330000
6/29/2023,4396.439941,4398.390137,4371.970215,4374.939941,3696660000
6/30/2023,4450.379883,4458.47998,4422.439941,4422.439941,3923450000
7/3/2023,4455.589844,4456.459961,4442.290039,4450.47998,2034280000
7/5/2023,4446.819824,4454.060059,4436.609863,4442.040039,3482620000
7/6/2023,4411.589844,4422.620117,4385.049805,4422.620117,3682020000
7/7/2023,4398.950195,4440.390137,4397.399902,4404.540039,3630480000
7/10/2023,4409.529785,4412.600098,4389.919922,4394.22998,3429600000
7/11/2023,4439.259766,4443.640137,4408.459961,4415.549805,3624220000
7/12/2023,4472.160156,4488.339844,4463.22998,4467.689941,3920290000
7/13/2023,4510.040039,4517.379883,4489.359863,4491.5,3839530000
7/14/2023,4505.419922,4527.759766,4499.560059,4514.609863,3647450000
7/17/2023,4522.790039,4532.850098,4504.899902,4508.859863,3538240000
7/18/2023,4554.97998,4562.299805,4514.589844,4521.779785,4090010000
7/19/2023,4565.720215,4578.430176,4557.47998,4563.870117,4115670000
7/20/2023,4534.870117,4564.740234,4527.560059,4554.379883,3761770000
7/21/2023,4536.339844,4555,4535.790039,4550.160156,3570190000
7/24/2023,4554.640137,4563.410156,4541.290039,4543.390137,3856250000
7/25/2023,4567.459961,4580.620117,4552.419922,4555.189941,3812470000
7/26/2023,4566.75,4582.470215,4547.580078,4558.959961,3990290000
7/27/2023,4537.410156,4607.069824,4528.560059,4598.259766,4553210000
7/28/2023,4582.22998,4590.160156,4564.009766,4565.75,3981010000
7/31/2023,4588.959961,4594.220215,4573.140137,4584.819824,4503600000
8/1/2023,4576.72998,4584.620117,4567.529785,4578.830078,4042370000
8/2/2023,4513.390137,4550.930176,4505.75,4550.930176,4270710000
8/3/2023,4501.890137,4519.490234,4485.540039,4494.27002,4149120000
8/4/2023,4478.029785,4540.339844,4474.549805,4513.959961,4143310000
8/7/2023,4518.439941,4519.839844,4491.149902,4491.580078,3493920000
8/8/2023,4499.379883,4503.310059,4464.390137,4498.029785,3884910000
8/9/2023,4467.709961,4502.439941,4461.330078,4501.569824,3803100000
8/10/2023,4468.830078,4527.370117,4457.919922,4487.160156,4504370000
8/11/2023,4464.049805,4476.22998,4443.97998,4450.689941,3753290000
8/14/2023,4489.720215,4490.330078,4453.439941,4458.129883,3896410000
8/15/2023,4437.859863,4478.870117,4432.189941,4478.870117,3832250000
8/16/2023,4404.330078,4449.950195,4403.549805,4433.790039,3753910000
8/17/2023,4370.359863,4421.169922,4364.830078,4416.319824,3943700000
8/18/2023,4369.709961,4381.819824,4335.310059,4344.879883,3940400000
8/21/2023,4399.77002,4407.549805,4360.299805,4380.279785,3726850000
8/22/2023,4387.549805,4418.589844,4382.77002,4415.330078,3522760000
8/23/2023,4436.009766,4443.180176,4396.439941,4396.439941,3837270000
8/24/2023,4376.310059,4458.299805,4375.549805,4455.160156,3723470000
8/25/2023,4405.709961,4418.459961,4356.290039,4389.379883,3296180000
8/28/2023,4433.310059,4439.560059,4414.97998,4426.029785,2957230000
8/29/2023,4497.629883,4500.140137,4431.680176,4432.75,3354820000
8/30/2023,4514.870117,4521.649902,4493.589844,4500.339844,3064110000
8/31/2023,4507.660156,4532.259766,4507.390137,4517.009766,3946360000
9/1/2023,4515.77002,4541.25,4501.350098,4530.600098,3246260000
9/5/2023,4496.830078,4514.290039,4496.009766,4510.060059,3526250000
9/6/2023,4465.47998,4490.350098,4442.379883,4490.350098,3418850000
9/7/2023,4451.140137,4457.810059,4430.459961,4434.549805,3763760000
9/8/2023,4457.490234,4473.529785,4448.379883,4451.299805,3259290000
9/11/2023,4487.459961,4490.77002,4467.890137,4480.97998,3369920000
9/12/2023,4461.899902,4487.109863,4456.830078,4473.27002,3435740000
9/13/2023,4467.439941,4479.390137,4453.52002,4462.649902,3529430000
9/14/2023,4505.100098,4511.990234,4478.689941,4487.779785,3648720000
9/15/2023,4450.319824,4497.97998,4447.209961,4497.97998,6932230000
9/18/2023,4453.529785,4466.359863,4442.109863,4445.129883,3161230000
9/19/2023,4443.950195,4449.850098,4416.609863,4445.410156,3614880000
9/20/2023,4402.200195,4461.029785,4401.379883,4452.810059,3308450000
9/21/2023,4330,4375.700195,4329.169922,4374.359863,3662340000
9/22/2023,4320.060059,4357.399902,4316.490234,4341.740234,3349570000
9/25/2023,4337.439941,4338.509766,4302.700195,4310.620117,3195650000
9/26/2023,4273.529785,4313.009766,4265.97998,4312.879883,3472340000
9/27/2023,4274.509766,4292.069824,4238.629883,4282.629883,3875880000
9/28/2023,4299.700195,4317.27002,4264.379883,4269.649902,3846230000
9/29/2023,4288.049805,4333.149902,4274.859863,4328.180176,3865960000
10/2/2023,4288.390137,4300.580078,4260.209961,4284.52002,3938660000
10/3/2023,4229.450195,4281.149902,4216.450195,4269.75,3953830000
10/4/2023,4263.75,4268.5,4220.47998,4233.830078,3777600000
10/5/2023,4258.189941,4267.129883,4225.910156,4259.310059,3581470000
10/6/2023,4308.5,4324.100098,4219.549805,4234.790039,3902030000
10/9/2023,4335.660156,4341.72998,4283.790039,4289.02002,3174630000
10/10/2023,4358.240234,4385.459961,4339.640137,4339.75,3520240000
10/11/2023,4376.950195,4378.640137,4345.339844,4366.589844,3601660000
10/12/2023,4349.609863,4385.850098,4325.430176,4380.939941,3713140000
10/13/2023,4327.779785,4377.100098,4311.970215,4360.490234,3566560000
10/16/2023,4373.629883,4383.330078,4342.370117,4342.370117,3409960000
10/17/2023,4373.200195,4393.569824,4337.540039,4345.22998,3794850000
10/18/2023,4314.600098,4364.200195,4303.839844,4357.350098,3686030000
10/19/2023,4278,4339.540039,4269.689941,4321.359863,3969730000
10/20/2023,4224.160156,4276.560059,4223.029785,4273.850098,4004030000
10/23/2023,4217.040039,4255.839844,4189.220215,4210.399902,3776100000
10/24/2023,4247.680176,4259.379883,4219.430176,4235.790039,3821820000
10/25/2023,4186.77002,4232.419922,4181.419922,4232.419922,3869370000
10/26/2023,4137.22998,4183.600098,4127.899902,4175.990234,4277640000
10/27/2023,4117.370117,4156.700195,4103.779785,4152.930176,4019500000
10/30/2023,4166.819824,4177.470215,4132.939941,4139.390137,3911140000
10/31/2023,4193.799805,4195.549805,4153.120117,4171.330078,4249470000
11/1/2023,4237.859863,4245.640137,4197.740234,4201.27002,4224900000
11/2/2023,4317.779785,4319.720215,4268.259766,4268.259766,4669780000
11/3/2023,4358.339844,4373.620117,4334.22998,4334.22998,4570960000
11/6/2023,4365.97998,4372.209961,4347.529785,4364.27002,3656340000
11/7/2023,4378.379883,4386.259766,4355.410156,4366.209961,3791230000
11/8/2023,4382.779785,4391.200195,4359.759766,4384.370117,3729510000
11/9/2023,4347.350098,4393.399902,4343.939941,4391.410156,3900780000
11/10/2023,4415.240234,4418.029785,4353.339844,4364.149902,3665080000
11/13/2023,4411.549805,4421.759766,4393.819824,4406.660156,3326240000
11/14/2023,4495.700195,4508.669922,4458.970215,4458.970215,4700350000
11/15/2023,4502.879883,4521.169922,4495.310059,4505.299805,4347170000
11/16/2023,4508.240234,4511.990234,4487.830078,4497.080078,3964520000
11/17/2023,4514.02002,4520.120117,4499.660156,4509.549805,3777240000
11/20/2023,4547.379883,4557.109863,4510.359863,4511.700195,3644790000
11/21/2023,4538.189941,4542.140137,4525.509766,4538.77002,3511080000
11/22/2023,4556.620117,4568.430176,4545.049805,4553.040039,3042810000
11/24/2023,4559.339844,4560.310059,4552.799805,4555.839844,1639500000
11/27/2023,4550.430176,4560.52002,4546.319824,4554.859863,3403990000
11/28/2023,4554.890137,4568.140137,4540.509766,4545.549805,3586240000
11/29/2023,4550.580078,4587.640137,4547.149902,4571.839844,4418760000
11/30/2023,4567.799805,4569.890137,4537.240234,4554.870117,5399300000
12/1/2023,4594.629883,4599.390137,4554.709961,4559.430176,4397120000
12/4/2023,4569.779785,4572.370117,4546.720215,4564.370117,4369910000
12/5/2023,4567.180176,4578.560059,4551.680176,4557.25,3909950000
12/6/2023,4549.339844,4590.740234,4546.5,4586.22998,4245680000
12/7/2023,4585.589844,4590.919922,4565.220215,4568.839844,3818880000
12/8/2023,4604.370117,4609.22998,4574.060059,4576.200195,3707010000
12/11/2023,4622.439941,4623.709961,4593.390137,4593.390137,3823210000
12/12/2023,4643.700195,4643.930176,4608.089844,4618.299805,3808380000
12/13/2023,4707.089844,4709.689941,4643.22998,4646.200195,5063650000
12/14/2023,4719.549805,4738.569824,4694.339844,4721.040039,6314040000
12/15/2023,4719.189941,4725.529785,4704.689941,4714.22998,8218980000
12/18/2023,4740.560059,4749.52002,4725.580078,4725.580078,4060340000
12/19/2023,4768.370117,4768.689941,4743.720215,4743.720215,4026970000
12/20/2023,4698.350098,4778.009766,4697.819824,4764.72998,4201320000
12/21/2023,4746.75,4748.709961,4708.350098,4724.290039,3431180000
12/22/2023,4754.629883,4772.939941,4736.77002,4753.919922,3046770000
12/26/2023,4774.75,4784.720215,4758.450195,4758.859863,2513910000
12/27/2023,4781.580078,4785.390137,4768.899902,4773.450195,2748450000
12/28/2023,4783.350098,4793.299805,4780.97998,4786.439941,2698860000
12/29/2023,4769.830078,4788.430176,4751.990234,4782.879883,3126060000
1/2/2024,4742.830078,4754.330078,4722.669922,4745.200195,3743050000
1/3/2024,4704.810059,4729.290039,4699.709961,4725.069824,3950760000
1/4/2024,4688.680176,4726.779785,4687.529785,4697.419922,3715480000
1/5/2024,4697.240234,4721.490234,4682.109863,4690.569824,3844370000
1/8/2024,4763.540039,4764.540039,4699.819824,4703.700195,3742320000
1/9/2024,4756.5,4765.470215,4730.350098,4741.930176,3529960000
1/10/2024,4783.450195,4790.799805,4756.200195,4759.939941,3498680000
1/11/2024,4780.240234,4798.5,4739.580078,4792.129883,3759890000
1/12/2024,4783.830078,4802.399902,4768.97998,4791.180176,3486340000
1/16/2024,4765.97998,4782.339844,4747.120117,4772.350098,4260550000
1/17/2024,4739.209961,4744.22998,4714.819824,4739.129883,3928600000
1/18/2024,4780.939941,4785.790039,4740.569824,4760.100098,4019000000
1/19/2024,4839.810059,4842.069824,4785.870117,4796.279785,4287200000
1/22/2024,4850.430176,4868.410156,4844.049805,4853.419922,4297610000
1/23/2024,4864.600098,4866.47998,4844.370117,4856.799805,3912800000
1/24/2024,4868.549805,4903.680176,4865.939941,4888.560059,4330030000
1/25/2024,4894.160156,4898.149902,4869.339844,4886.660156,4020430000
1/26/2024,4890.970215,4906.689941,4881.470215,4888.910156,3353400000
1/29/2024,4927.930176,4929.310059,4887.399902,4892.950195,3525160000
1/30/2024,4924.970215,4931.089844,4916.27002,4925.890137,3836130000
1/31/2024,4845.649902,4906.75,4845.149902,4899.189941,4696120000
2/1/2024,4906.189941,4906.970215,4853.52002,4861.109863,4386090000
2/2/2024,4958.609863,4975.290039,4907.990234,4916.060059,3974350000
2/5/2024,4942.810059,4957.189941,4918.089844,4957.189941,4023640000
2/6/2024,4954.22998,4957.77002,4934.879883,4950.160156,4440880000
2/7/2024,4995.060059,4999.890137,4969.049805,4973.049805,4895590000
2/8/2024,4997.910156,5000.399902,4987.089844,4995.160156,4341860000
2/9/2024,5026.609863,5030.060059,5000.339844,5004.169922,3912990000
2/12/2024,5021.839844,5048.390137,5016.830078,5026.830078,3805740000
2/13/2024,4953.169922,4971.299805,4920.310059,4967.939941,4302190000
2/14/2024,5000.620117,5002.52002,4956.450195,4976.439941,3845600000
2/15/2024,5029.72998,5032.720215,4999.439941,5003.140137,4137970000
2/16/2024,5005.569824,5038.700195,4999.52002,5031.129883,3833270000
2/20/2024,4975.509766,4993.709961,4955.02002,4989.319824,4034880000
2/21/2024,4981.799805,4983.209961,4946,4963.029785,3788390000
2/22/2024,5087.029785,5094.390137,5038.830078,5038.830078,4051710000
2/23/2024,5088.799805,5111.060059,5081.459961,5100.919922,3672790000
2/26/2024,5069.529785,5097.660156,5068.910156,5093,3683930000
2/27/2024,5078.180176,5080.689941,5057.290039,5074.600098,3925950000
2/28/2024,5069.759766,5077.370117,5058.350098,5067.200195,3789370000
2/29/2024,5096.27002,5104.990234,5061.890137,5085.359863,5219740000
3/1/2024,5137.080078,5140.330078,5094.160156,5098.509766,4748110000
3/4/2024,5130.950195,5149.669922,5127.180176,5130.990234,4758440000
3/5/2024,5078.649902,5114.540039,5056.819824,5110.52002,4418410000
3/6/2024,5104.759766,5127.970215,5092.220215,5108.029785,4559050000
3/7/2024,5157.359863,5165.620117,5128.209961,5132.379883,4137980000
3/8/2024,5123.689941,5189.259766,5117.5,5164.459961,4208870000
3/11/2024,5117.939941,5124.660156,5091.140137,5111.959961,3896430000
3/12/2024,5175.27002,5179.870117,5114.47998,5134.299805,4080510000
3/13/2024,5165.310059,5179.140137,5151.879883,5173.490234,4282890000
3/14/2024,5150.47998,5176.850098,5123.299805,5175.140137,4687970000
3/15/2024,5117.089844,5136.859863,5104.350098,5123.310059,7753670000
3/18/2024,5149.419922,5175.600098,5145.470215,5154.77002,4036220000
3/19/2024,5178.509766,5180.310059,5131.589844,5139.089844,4031760000
3/20/2024,5224.620117,5226.189941,5171.549805,5181.689941,4064850000
3/21/2024,5241.529785,5261.100098,5240.660156,5253.430176,4207730000
3/22/2024,5234.180176,5246.089844,5229.870117,5242.47998,3374700000
3/25/2024,5218.189941,5229.089844,5216.089844,5219.52002,3331360000
3/26/2024,5203.580078,5235.160156,5203.419922,5228.850098,3871790000
3/27/2024,5248.490234,5249.259766,5213.919922,5226.310059,3850500000
3/28/2024,5254.350098,5264.850098,5245.819824,5248.029785,3998270000
4/1/2024,5243.77002,5263.950195,5229.200195,5257.970215,3325930000
4/2/2024,5205.810059,5208.339844,5184.049805,5204.290039,3886590000
4/3/2024,5211.490234,5228.75,5194.370117,5194.370117,3703250000
4/4/2024,5147.209961,5256.589844,5146.060059,5244.049805,4075680000
4/5/2024,5204.339844,5222.180176,5157.209961,5158.950195,3386780000
4/8/2024,5202.390137,5219.569824,5197.350098,5211.370117,3278180000
4/9/2024,5209.910156,5224.810059,5160.779785,5217.029785,3400680000
4/10/2024,5160.640137,5178.430176,5138.700195,5167.879883,3845930000
4/11/2024,5199.060059,5211.779785,5138.77002,5172.950195,3509380000
4/12/2024,5123.410156,5175.029785,5107.939941,5171.509766,3963220000
4/15/2024,5061.819824,5168.430176,5052.470215,5149.669922,3950210000
4/16/2024,5051.410156,5079.839844,5039.830078,5064.589844,4006200000
4/17/2024,5022.209961,5077.959961,5007.25,5068.970215,3596130000
4/18/2024,5011.120117,5056.660156,5001.890137,5031.52002,3619760000
4/19/2024,4967.22998,5019.02002,4953.560059,5005.439941,3878750000
4/22/2024,5010.600098,5038.839844,4969.399902,4987.330078,3820250000
4/23/2024,5070.549805,5076.120117,5027.959961,5028.850098,3751400000
4/24/2024,5071.629883,5089.47998,5047.02002,5084.859863,3656740000
4/25/2024,5048.419922,5057.75,4990.580078,5019.879883,3958050000
4/26/2024,5099.959961,5114.620117,5073.140137,5084.649902,3604140000
4/29/2024,5116.169922,5123.490234,5088.649902,5114.129883,3447450000
4/30/2024,5035.689941,5110.830078,5035.310059,5103.779785,4082470000
5/1/2024,5018.390137,5096.120117,5013.450195,5029.029785,4544170000
5/2/2024,5064.200195,5073.209961,5011.049805,5049.319824,4381660000
5/3/2024,5127.790039,5139.120117,5101.220215,5122.779785,3924990000
5/6/2024,5180.740234,5181,5142.419922,5142.419922,3683250000
5/7/2024,5187.700195,5200.22998,5178.959961,5187.200195,3987890000
5/8/2024,5187.669922,5191.950195,5165.859863,5168.97998,3842100000
5/9/2024,5214.080078,5215.299805,5180.410156,5189.029785,3727370000
5/10/2024,5222.680176,5239.660156,5209.680176,5225.490234,3617900000
5/13/2024,5221.419922,5237.259766,5211.160156,5233.080078,4255710000
5/14/2024,5246.680176,5250.370117,5217.97998,5221.100098,4763580000
5/15/2024,5308.149902,5311.759766,5263.259766,5263.259766,4360810000
5/16/2024,5297.100098,5325.490234,5296.189941,5310.069824,3817470000
5/17/2024,5303.27002,5305.450195,5283.589844,5303.100098,3578120000
5/20/2024,5308.129883,5325.319824,5302.399902,5305.350098,3420100000
5/21/2024,5321.410156,5324.319824,5297.870117,5298.689941,3662240000
5/22/2024,5307.009766,5323.180176,5286.009766,5319.279785,3847130000
5/23/2024,5267.839844,5341.879883,5256.930176,5340.259766,3869520000
5/24/2024,5304.720215,5311.649902,5278.390137,5281.450195,3005510000
5/28/2024,5306.040039,5315.910156,5280.890137,5315.910156,3751540000
5/29/2024,5266.950195,5282.27002,5262.700195,5278.72998,3552750000
5/30/2024,5235.47998,5260.209961,5222.100098,5259.77002,3818750000
5/31/2024,5277.509766,5280.330078,5191.680176,5243.209961,5437160000
6/3/2024,5283.399902,5302.109863,5234.319824,5297.149902,4046920000
6/4/2024,5291.339844,5298.799805,5257.629883,5278.240234,3707900000
6/5/2024,5354.029785,5354.160156,5297.640137,5314.47998,3591460000
6/6/2024,5352.959961,5362.350098,5335.359863,5357.799805,3609990000
6/7/2024,5346.990234,5375.080078,5331.330078,5343.810059,3692760000
6/10/2024,5360.790039,5365.790039,5331.52002,5341.220215,3622280000
6/11/2024,5375.319824,5375.950195,5327.25,5353,3568030000
6/12/2024,5421.029785,5447.25,5409.129883,5409.129883,3962840000
6/13/2024,5433.740234,5441.930176,5402.509766,5441.930176,3530380000
6/14/2024,5431.600098,5432.390137,5403.75,5424.080078,3438650000
6/17/2024,5473.22998,5488.5,5420.399902,5431.109863,3447840000
6/18/2024,5487.029785,5490.379883,5471.319824,5476.149902,3544330000
6/20/2024,5473.169922,5505.529785,5455.560059,5499.990234,3847060000
6/21/2024,5464.620117,5478.310059,5452.029785,5466.77002,6773800000
6/24/2024,5447.870117,5490.660156,5447.589844,5459.580078,3696750000
6/25/2024,5469.299805,5472.879883,5446.560059,5460.72998,3591960000
6/26/2024,5477.899902,5483.140137,5451.870117,5460.709961,3563920000
6/27/2024,5482.870117,5490.810059,5467.540039,5473.589844,3589530000
6/28/2024,5460.47998,5523.640137,5451.120117,5488.47998,7199220000
7/1/2024,5475.089844,5479.549805,5446.529785,5471.080078,3488760000
7/2/2024,5509.009766,5509.689941,5458.430176,5461.839844,3329950000
7/3/2024,5537.02002,5539.27002,5507.419922,5507.439941,2179470000
7/5/2024,5567.189941,5570.330078,5531.629883,5537.910156,3253080000
7/8/2024,5572.850098,5583.109863,5562.509766,5572.75,3185670000
7/9/2024,5576.97998,5590.75,5574.569824,5584.240234,3232920000
7/10/2024,5633.910156,5635.390137,5586.439941,5591.259766,3336100000
7/11/2024,5584.540039,5642.450195,5576.529785,5635.209961,4020950000
7/12/2024,5615.350098,5655.560059,5590.439941,5590.759766,3700280000
7/15/2024,5631.220215,5666.939941,5614.75,5638.160156,3620470000
7/16/2024,5667.200195,5669.669922,5639.02002,5644.089844,4041760000
7/17/2024,5588.27002,5622.490234,5584.810059,5610.069824,4246450000
7/18/2024,5544.589844,5614.049805,5522.810059,5608.560059,4007510000
7/19/2024,5505,5557.5,5497.040039,5543.370117,3760570000
7/22/2024,5564.410156,5570.359863,5529.040039,5544.540039,3375180000
7/23/2024,5555.740234,5585.339844,5550.899902,5565.299805,3500210000
7/24/2024,5427.129883,5508.040039,5419.97998,5505.839844,3945550000
7/25/2024,5399.220215,5491.589844,5390.950195,5428.700195,4592120000
7/26/2024,5459.100098,5488.319824,5430.700195,5433.669922,3638770000
7/29/2024,5463.540039,5487.740234,5444.439941,5476.549805,3379970000
7/30/2024,5436.439941,5489.459961,5401.700195,5478.72998,3777740000
7/31/2024,5522.299805,5551.509766,5493.75,5505.589844,4546910000
8/1/2024,5446.680176,5566.160156,5410.419922,5537.839844,4703620000
8/2/2024,5346.560059,5383.890137,5302.029785,5376.629883,5156450000
8/5/2024,5186.330078,5250.890137,5119.259766,5151.140137,5333250000
8/6/2024,5240.029785,5312.339844,5193.560059,5206.419922,4690190000
8/7/2024,5199.5,5330.640137,5195.540039,5293.129883,4558260000
8/8/2024,5319.310059,5328.029785,5233.850098,5252.569824,4016830000
8/9/2024,5344.160156,5358.669922,5300.839844,5314.660156,3516400000
8/12/2024,5344.390137,5371.200195,5324.370117,5351.879883,3360160000
8/13/2024,5434.430176,5436.5,5376.97998,5376.97998,3648980000
8/14/2024,5455.209961,5463.220215,5415.910156,5442.359863,3380050000
8/15/2024,5543.220215,5546.22998,5501.129883,5501.129883,3723310000
8/16/2024,5554.25,5561.97998,5525.169922,5530.5,3357690000
8/19/2024,5608.25,5608.299805,5550.740234,5557.22998,3222050000
8/20/2024,5597.120117,5620.509766,5585.5,5602.879883,2994420000
8/21/2024,5620.850098,5632.680176,5591.569824,5603.089844,3119670000
8/22/2024,5570.640137,5643.220215,5560.950195,5637.77002,2981530000
8/23/2024,5634.609863,5641.819824,5585.160156,5602.490234,3291940000
8/26/2024,5616.839844,5651.620117,5602.339844,5639.660156,2938570000
8/27/2024,5625.799805,5631.180176,5593.47998,5602.890137,2798990000
8/28/2024,5592.180176,5627.029785,5560.950195,5624.509766,3053450000
8/29/2024,5591.959961,5646.950195,5583.709961,5607.299805,3065640000
8/30/2024,5648.399902,5651.370117,5581.790039,5612.740234,4185850000
9/3/2024,5528.930176,5623.890137,5504.330078,5623.890137,3866350000
9/4/2024,5520.069824,5552.990234,5503.660156,5506.680176,3478140000
9/5/2024,5503.410156,5546.299805,5480.540039,5520.080078,3521650000
9/6/2024,5408.419922,5522.470215,5402.620117,5507.330078,3822800000
9/9/2024,5471.049805,5484.200195,5434.490234,5442.069824,3825940000
9/10/2024,5495.52002,5497.910156,5441.720215,5490.509766,3848180000
9/11/2024,5554.129883,5560.410156,5406.959961,5496.419922,3839450000
9/12/2024,5595.759766,5600.709961,5535.5,5557.47998,3655070000
9/13/2024,5626.02002,5636.27002,5601.649902,5603.339844,3500790000
9/16/2024,5633.089844,5636.049805,5604.529785,5615.209961,3437070000
9/17/2024,5634.580078,5670.810059,5614.049805,5655.509766,3443600000
9/18/2024,5618.259766,5689.75,5615.080078,5641.680176,3691390000
9/19/2024,5713.640137,5733.569824,5686.419922,5702.629883,4024530000
9/20/2024,5702.549805,5715.140137,5674.490234,5709.640137,7867260000
9/23/2024,5718.569824,5725.359863,5704.220215,5711.899902,3529550000
9/24/2024,5732.930176,5735.319824,5698.990234,5727.660156,3872710000
9/25/2024,5722.259766,5741.029785,5712.060059,5733.649902,3624910000
9/26/2024,5745.370117,5767.370117,5721.009766,5762.220215,4391180000
9/27/2024,5738.169922,5763.779785,5727.339844,5755.359863,3898530000
9/30/2024,5762.47998,5765.140137,5703.529785,5726.52002,4425730000
10/1/2024,5708.75,5757.72998,5681.279785,5757.72998,4025180000
10/2/2024,5709.540039,5719.629883,5674,5698.140137,3829050000
10/3/2024,5699.939941,5718.779785,5677.370117,5698.189941,3597450000
10/4/2024,5751.069824,5753.209961,5702.830078,5737.47998,3479400000
10/7/2024,5695.939941,5739.339844,5686.850098,5737.799805,3637790000
10/8/2024,5751.129883,5757.600098,5714.560059,5719.140137,3393400000
10/9/2024,5792.040039,5796.799805,5745.02002,5751.799805,3650340000
10/10/2024,5780.049805,5795.029785,5764.759766,5778.359863,3208790000
10/11/2024,5815.029785,5822.129883,5775.089844,5775.089844,3208720000
10/14/2024,5859.850098,5871.410156,5829.569824,5829.810059,3005250000
10/15/2024,5815.259766,5870.359863,5804.47998,5866.740234,3882120000
10/16/2024,5842.470215,5846.52002,5808.339844,5816.580078,3467230000
10/17/2024,5841.470215,5878.459961,5840.25,5875.620117,3480010000
10/18/2024,5864.669922,5872.169922,5846.109863,5859.430176,3374490000
10/21/2024,5853.97998,5866.919922,5824.790039,5857.819824,3407010000
10/22/2024,5851.200195,5863.040039,5821.169922,5832.700195,3342080000
10/23/2024,5797.419922,5834.850098,5762.410156,5834.5,3532650000
10/24/2024,5809.859863,5817.799805,5784.919922,5817.799805,3543030000
10/25/2024,5808.120117,5862.819824,5799.97998,5826.75,3501280000
10/28/2024,5823.52002,5842.919922,5823.080078,5833.930176,3691280000
10/29/2024,5832.919922,5847.189941,5802.169922,5819.680176,3879100000
10/30/2024,5813.669922,5850.939941,5811.279785,5832.649902,3851120000
10/31/2024,5705.450195,5775.339844,5702.859863,5775.339844,4425660000
11/1/2024,5728.799805,5772.52002,5723.220215,5723.220215,3796450000
11/4/2024,5712.689941,5741.430176,5696.509766,5725.149902,3602060000
11/5/2024,5782.759766,5783.439941,5722.100098,5722.430176,3768310000
11/6/2024,5929.040039,5936.140137,5864.890137,5864.890137,6329530000
11/7/2024,5973.100098,5983.839844,5947.209961,5947.209961,4925740000
11/8/2024,5995.540039,6012.450195,5976.759766,5976.759766,4666740000
11/11/2024,6001.350098,6017.310059,5986.689941,6008.859863,4333000000
11/12/2024,5983.990234,6009.919922,5960.080078,6003.600098,4243400000
11/13/2024,5985.379883,6008.189941,5965.910156,5985.75,4220180000
11/14/2024,5949.169922,5993.879883,5942.279785,5989.680176,4184570000
11/15/2024,5870.620117,5915.319824,5853.009766,5912.790039,4590960000
11/18/2024,5893.620117,5908.120117,5865.950195,5874.169922,3983860000
11/19/2024,5916.97998,5923.509766,5855.290039,5870.049805,4036940000
11/20/2024,5917.109863,5920.669922,5860.560059,5914.339844,3772620000
11/21/2024,5948.709961,5963.319824,5887.259766,5940.580078,4230120000
11/22/2024,5969.339844,5972.899902,5944.359863,5944.359863,4141420000
11/25/2024,5987.370117,6020.75,5963.910156,5992.279785,5633150000
11/26/2024,6021.629883,6025.419922,5992.27002,6000.029785,3835170000
11/27/2024,5998.740234,6020.160156,5984.870117,6014.109863,3363340000
11/29/2024,6032.379883,6044.169922,6003.97998,6003.97998,2444420000
12/2/2024,6047.149902,6053.580078,6035.330078,6040.109863,4412470000
12/3/2024,6049.879883,6052.069824,6033.390137,6042.970215,4095000000
12/4/2024,6086.490234,6089.839844,6061.060059,6069.390137,4003390000
12/5/2024,6075.109863,6094.549805,6072.899902,6089.029785,4212020000
12/6/2024,6090.27002,6099.970215,6079.97998,6081.379883,3924830000
12/9/2024,6052.850098,6088.509766,6048.629883,6083.009766,4556460000
12/10/2024,6034.910156,6065.399902,6029.890137,6057.589844,4048410000
12/11/2024,6084.189941,6092.589844,6060.149902,6060.149902,4269950000
12/12/2024,6051.25,6079.680176,6051.25,6074.290039,3678010000
12/13/2024,6051.089844,6078.580078,6035.77002,6068.169922,3584960000
12/16/2024,6074.080078,6085.189941,6059.140137,6063.790039,4391100000
12/17/2024,6050.609863,6057.680176,6035.189941,6052.549805,4544500000
12/18/2024,5872.160156,6070.669922,5867.790039,6047.649902,5246960000
12/19/2024,5867.080078,5935.52002,5866.069824,5912.709961,4896880000
12/20/2024,5930.850098,5982.060059,5832.299805,5842,8223220000
12/23/2024,5974.069824,5978.25,5902.569824,5940.25,3593280000
12/24/2024,6040.040039,6040.100098,5981.439941,5984.629883,1757720000
12/26/2024,6037.589844,6049.75,6007.370117,6024.970215,2904530000
12/27/2024,5970.839844,6006.169922,5932.950195,6006.169922,3159610000
12/30/2024,5906.939941,5940.790039,5869.160156,5920.669922,3433250000
12/31/2024,5881.629883,5929.740234,5868.859863,5919.740234,3128350000
1/2/2025,5868.549805,5935.089844,5829.529785,5903.259766,3621680000
1/3/2025,5942.470215,5949.339844,5888.660156,5891.069824,3667340000
1/6/2025,5975.379883,6021.040039,5960.009766,5982.810059,4940120000
1/7/2025,5909.029785,6000.680176,5890.680176,5993.259766,4517330000
1/8/2025,5918.25,5927.890137,5874.779785,5910.660156,4441740000
1/10/2025,5827.040039,5890.350098,5807.779785,5890.350098,4751930000
1/13/2025,5836.220215,5838.609863,5773.310059,5782.02002,4421200000
1/14/2025,5842.910156,5871.919922,5805.419922,5859.27002,4142280000
1/15/2025,5949.910156,5960.609863,5905.209961,5905.209961,4544570000
1/16/2025,5937.339844,5964.689941,5930.720215,5963.609863,4285810000
1/17/2025,5996.660156,6014.959961,5978.439941,5995.399902,4366830000
1/21/2025,6049.240234,6051.509766,6006.879883,6014.120117,4702920000
1/22/2025,6086.370117,6100.810059,6076.129883,6081.390137,4323040000
1/23/2025,6118.709961,6118.72998,6074.669922,6076.319824,4432250000
1/24/2025,6101.240234,6128.180176,6088.740234,6121.430176,4214250000
1/27/2025,6012.279785,6017.169922,5962.919922,5969.040039,5198750000
1/28/2025,6067.700195,6074.540039,5994.629883,6026.970215,4473640000
1/29/2025,6039.310059,6062.830078,6012.959961,6057.700195,4115310000
1/30/2025,6071.169922,6086.640137,6027.459961,6050.75,4634620000
1/31/2025,6040.529785,6120.910156,6030.930176,6096.790039,4843770000
2/3/2025,5994.569824,6022.129883,5923.930176,5969.649902,4797210000
2/4/2025,6037.879883,6042.47998,5990.870117,5998.140137,4410160000
2/5/2025,6061.47998,6062.859863,6007.060059,6020.450195,4756250000
2/6/2025,6083.569824,6084.029785,6046.830078,6072.220215,4847120000
2/7/2025,6025.990234,6101.279785,6019.959961,6083.129883,4766900000
2/10/2025,6066.439941,6073.379883,6044.839844,6046.399902,4458760000
2/11/2025,6068.5,6076.279785,6042.339844,6049.319824,4324880000
2/12/2025,6051.970215,6063,6003,6025.080078,4627960000
2/13/2025,6115.069824,6116.910156,6050.950195,6060.589844,4763800000
2/14/2025,6114.629883,6127.470215,6107.620117,6115.52002,4335190000
2/18/2025,6129.580078,6129.629883,6099.509766,6121.600098,4684980000
2/19/2025,6144.149902,6147.430176,6111.149902,6117.759766,4562330000
2/20/2025,6117.52002,6134.5,6084.589844,6134.5,4813690000
2/21/2025,6013.129883,6114.819824,6008.560059,6114.100098,5434560000
2/24/2025,5983.25,6043.649902,5977.830078,6026.689941,4990120000
2/25/2025,5955.25,5992.649902,5908.490234,5982.72998,5374690000
2/26/2025,5956.060059,6009.819824,5932.689941,5970.870117,4869580000
2/27/2025,5861.569824,5993.689941,5858.779785,5981.879883,5057680000
2/28/2025,5954.5,5959.399902,5837.660156,5856.740234,6441140000
3/3/2025,5849.720215,5986.089844,5810.910156,5968.330078,5613850000
3/4/2025,5778.149902,5865.080078,5732.589844,5811.97998,6138110000
3/5/2025,5842.629883,5860.589844,5742.350098,5781.359863,5285970000
3/6/2025,5738.52002,5812.080078,5711.640137,5785.870117,5165080000
3/7/2025,5770.200195,5783.009766,5666.290039,5726.009766,5705140000
3/10/2025,5614.560059,5705.370117,5564.02002,5705.370117,6409370000
3/11/2025,5572.069824,5636.299805,5528.410156,5603.649902,6221240000
3/12/2025,5599.299805,5642.189941,5546.089844,5624.839844,5219830000
3/13/2025,5521.52002,5597.779785,5504.649902,5594.450195,5018980000
3/14/2025,5638.939941,5645.27002,5563.850098,5563.850098,4863180000
3/17/2025,5675.120117,5703.52002,5631.120117,5635.600098,5031770000
3/18/2025,5614.660156,5654.529785,5597.759766,5654.529785,4666270000
3/19/2025,5675.290039,5715.330078,5622.200195,5632.370117,4660090000
3/20/2025,5662.890137,5711.149902,5632.330078,5646.919922,4678420000
3/21/2025,5667.560059,5670.839844,5603.100098,5630.72998,9367460000
3/24/2025,5767.569824,5775.140137,5718.080078,5718.080078,4517990000
3/25/2025,5776.649902,5786.950195,5760.419922,5775.959961,4467340000
3/26/2025,5712.200195,5783.620117,5694.410156,5771.660156,4183140000
3/27/2025,5693.310059,5732.279785,5670.939941,5695.640137,4403460000
3/28/2025,5580.939941,5685.890137,5572.419922,5679.200195,4513330000
3/31/2025,5611.850098,5627.560059,5488.72998,5527.910156,5257250000
